acdc,windows/acdcdart/acdcdart.dll,https://pub.dev/api/archives/acdc-1.1.1.tar.gz
agent_dart,windows/agent_dart.dll,https://pub.dev/api/archives/agent_dart-0.1.24%2B1.tar.gz
alog_windows,windows/bin/ne-alog.dll,https://pub.dev/api/archives/alog_windows-1.0.12.tar.gz
argos_translator_offline,dlls/argos_bridge.dll,https://pub.dev/api/archives/argos_translator_offline-1.2.0.tar.gz
argox,lib/WinPort.dll,https://pub.dev/api/archives/argox-0.0.6.tar.gz
argox,lib/Winppla.dll,https://pub.dev/api/archives/argox-0.0.6.tar.gz
argox_printer,windows/WinPort.dll,https://pub.dev/api/archives/argox_printer-0.0.9.tar.gz
argox_printer,windows/Winppla.dll,https://pub.dev/api/archives/argox_printer-0.0.9.tar.gz
atmos_database,sqlite3.dll,https://pub.dev/api/archives/atmos_database-0.16.2.tar.gz
atomic_webview,windows/libs/x64/WebView2Loader.dll,https://pub.dev/api/archives/atomic_webview-0.0.7.tar.gz
atomic_webview,windows/libs/x64/WebView2Loader.dll.lib,https://pub.dev/api/archives/atomic_webview-0.0.7.tar.gz
aub_ai,windows/x64/lib/llama.dll,https://pub.dev/api/archives/aub_ai-1.0.3.tar.gz
auto_updater_windows,windows/WinSparkle-0.8.1/ARM64/Release/WinSparkle.dll,https://pub.dev/api/archives/auto_updater_windows-1.0.0.tar.gz
auto_updater_windows,windows/WinSparkle-0.8.1/Release/WinSparkle.dll,https://pub.dev/api/archives/auto_updater_windows-1.0.0.tar.gz
auto_updater_windows,windows/WinSparkle-0.8.1/x64/Release/WinSparkle.dll,https://pub.dev/api/archives/auto_updater_windows-1.0.0.tar.gz
beamm_flutter_unity_widget,scripts/older/JsonDotNet/Assemblies/AOT/Newtonsoft.Json.dll,https://pub.dev/api/archives/beamm_flutter_unity_widget-0.1.6%2B10.tar.gz
beamm_flutter_unity_widget,scripts/older/JsonDotNet/Assemblies/Standalone/Newtonsoft.Json.dll,https://pub.dev/api/archives/beamm_flutter_unity_widget-0.1.6%2B10.tar.gz
beamm_flutter_unity_widget,scripts/older/JsonDotNet/Assemblies/Windows/Newtonsoft.Json.dll,https://pub.dev/api/archives/beamm_flutter_unity_widget-0.1.6%2B10.tar.gz
beamm_flutter_unity_widget,scripts/unity_2019_3_5_later/JsonDotNet/Assemblies/AOT/Newtonsoft.Json.dll,https://pub.dev/api/archives/beamm_flutter_unity_widget-0.1.6%2B10.tar.gz
beamm_flutter_unity_widget,scripts/unity_2019_3_5_later/JsonDotNet/Assemblies/Standalone/Newtonsoft.Json.dll,https://pub.dev/api/archives/beamm_flutter_unity_widget-0.1.6%2B10.tar.gz
beamm_flutter_unity_widget,scripts/unity_2019_3_5_later/JsonDotNet/Assemblies/Windows/Newtonsoft.Json.dll,https://pub.dev/api/archives/beamm_flutter_unity_widget-0.1.6%2B10.tar.gz
biii_in_serial,lib/src/native/lib/biiiserial.dll,https://pub.dev/api/archives/biii_in_serial-0.0.1.tar.gz
bitwarden_secrets,native/bitwarden_c.dll,https://pub.dev/api/archives/bitwarden_secrets-1.0.3.tar.gz
breakpad_client,src/breakpad/src/tools/windows/dump_syms/testdata/pe_only_symbol_test.dll,https://pub.dev/api/archives/breakpad_client-0.0.2.tar.gz
callibri_ecg,windows/dll/callibri_utils-x64.dll,https://pub.dev/api/archives/callibri_ecg-1.0.1.tar.gz
callibri_ecg,windows/dll/callibri_utils-x86.dll,https://pub.dev/api/archives/callibri_ecg-1.0.1.tar.gz
capatcha,lib/capatcha.dll,https://pub.dev/api/archives/capatcha-0.1.3.tar.gz
captcha,lib/captcha.dll,https://pub.dev/api/archives/captcha-0.1.7.tar.gz
clavie_test,windows/lib/LiteAvAudioHook.dll,https://pub.dev/api/archives/clavie_test-1.0.5.tar.gz
clavie_test,windows/lib/LiteAvAudioHookService.dll,https://pub.dev/api/archives/clavie_test-1.0.5.tar.gz
clavie_test,windows/lib/liteav.dll,https://pub.dev/api/archives/clavie_test-1.0.5.tar.gz
clavie_test,windows/lib/TRAE.dll,https://pub.dev/api/archives/clavie_test-1.0.5.tar.gz
clingwinsdk,assets/clingwinsdklib.dll,https://pub.dev/api/archives/clingwinsdk-0.0.1.tar.gz
clingwinsdk,example/clingwinsdklib.dll,https://pub.dev/api/archives/clingwinsdk-0.0.1.tar.gz
couchbase_lite_dart,lib/dynlib/CouchbaseLiteC.dll,https://pub.dev/api/archives/couchbase_lite_dart-0.4.0.tar.gz
cronet_flutter,windows/cronet.86.0.4240.198.dll,https://pub.dev/api/archives/cronet_flutter-0.0.1%2B2.tar.gz
cronet_flutter,windows/cronet.86.0.4240.198.dll.lib,https://pub.dev/api/archives/cronet_flutter-0.0.1%2B2.tar.gz
crypto_ffi,windows/crypto_ffi.dll,https://pub.dev/api/archives/crypto_ffi-0.0.2%2B2.tar.gz
cs_monero_flutter_libs_windows,windows/lib/libpolyseed.dll,https://pub.dev/api/archives/cs_monero_flutter_libs_windows-1.0.0.tar.gz
cs_monero_flutter_libs_windows,windows/lib/libssp-0.dll,https://pub.dev/api/archives/cs_monero_flutter_libs_windows-1.0.0.tar.gz
cs_monero_flutter_libs_windows,windows/lib/libwinpthread-1.dll,https://pub.dev/api/archives/cs_monero_flutter_libs_windows-1.0.0.tar.gz
cs_monero_flutter_libs_windows,windows/lib/monero_libwallet2_api_c.dll,https://pub.dev/api/archives/cs_monero_flutter_libs_windows-1.0.0.tar.gz
cs_monero_flutter_libs_windows,windows/lib/wownero_libwallet2_api_c.dll,https://pub.dev/api/archives/cs_monero_flutter_libs_windows-1.0.0.tar.gz
cs_salvium_flutter_libs_windows,windows/lib/salvium_libwallet2_api_c.dll,https://pub.dev/api/archives/cs_salvium_flutter_libs_windows-1.2.0.tar.gz
dargon2,lib/src/blobs/libargon2-win.dll,https://pub.dev/api/archives/dargon2-3.2.1.tar.gz
dark_matter,libcapture.dll,https://pub.dev/api/archives/dark_matter-0.0.1-dev.6.tar.gz
dart_discord_rpc,windows/bin/discord-rpc.dll,https://pub.dev/api/archives/dart_discord_rpc-0.0.2.tar.gz
dartgame,SDL2.dll,https://pub.dev/api/archives/dartgame-1.0.2.tar.gz
dartgame,SDL2_image.dll,https://pub.dev/api/archives/dartgame-1.0.2.tar.gz
dartgl,lib/dartgl.dll,https://pub.dev/api/archives/dartgl-0.1.3.tar.gz
dartgl,lib/dartgl-ia32.dll,https://pub.dev/api/archives/dartgl-0.1.3.tar.gz
dartgl,lib/dartgl_sdl.dll,https://pub.dev/api/archives/dartgl-0.1.3.tar.gz
dart_libass,assets/windows/libass.dll,https://pub.dev/api/archives/dart_libass-1.0.2.tar.gz
dart_mssql,dart_mssql_32.dll,https://pub.dev/api/archives/dart_mssql-1.0.1.tar.gz
dart_mssql,dart_mssql_64.dll,https://pub.dev/api/archives/dart_mssql-1.0.1.tar.gz
dart_mssql,example/dart_mssql_32.dll,https://pub.dev/api/archives/dart_mssql-1.0.1.tar.gz
dart_mssql,example/dart_mssql_64.dll,https://pub.dev/api/archives/dart_mssql-1.0.1.tar.gz
dartphidget,phidget_dart_shim.dll,https://pub.dev/api/archives/dartphidget-0.0.9.tar.gz
dart_randomx,wrapper_randomx_library/libwrapper_randomx.dll,https://pub.dev/api/archives/dart_randomx-1.0.6.tar.gz
dart_sunvox,sunvox_lib/windows/lib_x86_64/sunvox.dll,https://pub.dev/api/archives/dart_sunvox-0.2.0.tar.gz
dart_sunvox,sunvox_lib/windows/lib_x86/sunvox.dll,https://pub.dev/api/archives/dart_sunvox-0.2.0.tar.gz
dart_sunvox,sunvox_lib/windows/lib_x86/sunvox_lofi.dll,https://pub.dev/api/archives/dart_sunvox-0.2.0.tar.gz
dart_synthizer,synthizer.dll,https://pub.dev/api/archives/dart_synthizer-0.11.3.tar.gz
dart_tinydtls_libs,native/lib/windows_x64/libtinydtls.dll,https://pub.dev/api/archives/dart_tinydtls_libs-0.1.1.tar.gz
dart_tolk,nvdaControllerClient64.dll,https://pub.dev/api/archives/dart_tolk-1.4.0.tar.gz
dart_tolk,SAAPI64.dll,https://pub.dev/api/archives/dart_tolk-1.4.0.tar.gz
dart_tolk,Tolk.dll,https://pub.dev/api/archives/dart_tolk-1.4.0.tar.gz
dartzmq,native/win_x64/libzmq-v142-mt-4_3_5.dll,https://pub.dev/api/archives/dartzmq-1.0.0-dev.17.tar.gz
database_universe_flutter_libs,windows/database_universe.dll,https://pub.dev/api/archives/database_universe_flutter_libs-1.1.4.tar.gz
decentralized_internet,addon/LNRChain/node_modules/ed25519-supercop/vendor/ed25519/ed25519_32.dll,https://pub.dev/api/archives/decentralized_internet-3.4.1.tar.gz
decentralized_internet,addon/LNRChain/node_modules/ed25519-supercop/vendor/ed25519/ed25519_64.dll,https://pub.dev/api/archives/decentralized_internet-3.4.1.tar.gz
decentralized_internet,addon/LNRChain/node_modules/typescript/loc/lcl/CHS/TypeScriptDebugEngine/TypeScriptDebugEngine.dll.lcl,https://pub.dev/api/archives/decentralized_internet-3.4.1.tar.gz
decentralized_internet,addon/LNRChain/node_modules/typescript/loc/lcl/CHS/TypeScriptLanguageService/Microsoft.CodeAnalysis.TypeScript.EditorFeatures.dll.lcl,https://pub.dev/api/archives/decentralized_internet-3.4.1.tar.gz
decentralized_internet,addon/LNRChain/node_modules/typescript/loc/lcl/CHS/TypeScriptTasks/TypeScript.Tasks.dll.lcl,https://pub.dev/api/archives/decentralized_internet-3.4.1.tar.gz
decentralized_internet,addon/LNRChain/node_modules/typescript/loc/lcl/CHT/TypeScriptDebugEngine/TypeScriptDebugEngine.dll.lcl,https://pub.dev/api/archives/decentralized_internet-3.4.1.tar.gz
decentralized_internet,addon/LNRChain/node_modules/typescript/loc/lcl/CHT/TypeScriptLanguageService/Microsoft.CodeAnalysis.TypeScript.EditorFeatures.dll.lcl,https://pub.dev/api/archives/decentralized_internet-3.4.1.tar.gz
decentralized_internet,addon/LNRChain/node_modules/typescript/loc/lcl/CHT/TypeScriptTasks/TypeScript.Tasks.dll.lcl,https://pub.dev/api/archives/decentralized_internet-3.4.1.tar.gz
decentralized_internet,addon/LNRChain/node_modules/typescript/loc/lcl/CSY/TypeScriptDebugEngine/TypeScriptDebugEngine.dll.lcl,https://pub.dev/api/archives/decentralized_internet-3.4.1.tar.gz
decentralized_internet,addon/LNRChain/node_modules/typescript/loc/lcl/CSY/TypeScriptLanguageService/Microsoft.CodeAnalysis.TypeScript.EditorFeatures.dll.lcl,https://pub.dev/api/archives/decentralized_internet-3.4.1.tar.gz
decentralized_internet,addon/LNRChain/node_modules/typescript/loc/lcl/CSY/TypeScriptTasks/TypeScript.Tasks.dll.lcl,https://pub.dev/api/archives/decentralized_internet-3.4.1.tar.gz
decentralized_internet,addon/LNRChain/node_modules/typescript/loc/lcl/DEU/TypeScriptDebugEngine/TypeScriptDebugEngine.dll.lcl,https://pub.dev/api/archives/decentralized_internet-3.4.1.tar.gz
decentralized_internet,addon/LNRChain/node_modules/typescript/loc/lcl/DEU/TypeScriptLanguageService/Microsoft.CodeAnalysis.TypeScript.EditorFeatures.dll.lcl,https://pub.dev/api/archives/decentralized_internet-3.4.1.tar.gz
decentralized_internet,addon/LNRChain/node_modules/typescript/loc/lcl/DEU/TypeScriptTasks/TypeScript.Tasks.dll.lcl,https://pub.dev/api/archives/decentralized_internet-3.4.1.tar.gz
decentralized_internet,addon/LNRChain/node_modules/typescript/loc/lcl/ESN/TypeScriptDebugEngine/TypeScriptDebugEngine.dll.lcl,https://pub.dev/api/archives/decentralized_internet-3.4.1.tar.gz
decentralized_internet,addon/LNRChain/node_modules/typescript/loc/lcl/ESN/TypeScriptLanguageService/Microsoft.CodeAnalysis.TypeScript.EditorFeatures.dll.lcl,https://pub.dev/api/archives/decentralized_internet-3.4.1.tar.gz
decentralized_internet,addon/LNRChain/node_modules/typescript/loc/lcl/ESN/TypeScriptTasks/TypeScript.Tasks.dll.lcl,https://pub.dev/api/archives/decentralized_internet-3.4.1.tar.gz
decentralized_internet,addon/LNRChain/node_modules/typescript/loc/lcl/FRA/TypeScriptDebugEngine/TypeScriptDebugEngine.dll.lcl,https://pub.dev/api/archives/decentralized_internet-3.4.1.tar.gz
decentralized_internet,addon/LNRChain/node_modules/typescript/loc/lcl/FRA/TypeScriptLanguageService/Microsoft.CodeAnalysis.TypeScript.EditorFeatures.dll.lcl,https://pub.dev/api/archives/decentralized_internet-3.4.1.tar.gz
decentralized_internet,addon/LNRChain/node_modules/typescript/loc/lcl/FRA/TypeScriptTasks/TypeScript.Tasks.dll.lcl,https://pub.dev/api/archives/decentralized_internet-3.4.1.tar.gz
decentralized_internet,addon/LNRChain/node_modules/typescript/loc/lcl/ITA/TypeScriptDebugEngine/TypeScriptDebugEngine.dll.lcl,https://pub.dev/api/archives/decentralized_internet-3.4.1.tar.gz
decentralized_internet,addon/LNRChain/node_modules/typescript/loc/lcl/ITA/TypeScriptLanguageService/Microsoft.CodeAnalysis.TypeScript.EditorFeatures.dll.lcl,https://pub.dev/api/archives/decentralized_internet-3.4.1.tar.gz
decentralized_internet,addon/LNRChain/node_modules/typescript/loc/lcl/ITA/TypeScriptTasks/TypeScript.Tasks.dll.lcl,https://pub.dev/api/archives/decentralized_internet-3.4.1.tar.gz
decentralized_internet,addon/LNRChain/node_modules/typescript/loc/lcl/JPN/TypeScriptDebugEngine/TypeScriptDebugEngine.dll.lcl,https://pub.dev/api/archives/decentralized_internet-3.4.1.tar.gz
decentralized_internet,addon/LNRChain/node_modules/typescript/loc/lcl/JPN/TypeScriptLanguageService/Microsoft.CodeAnalysis.TypeScript.EditorFeatures.dll.lcl,https://pub.dev/api/archives/decentralized_internet-3.4.1.tar.gz
decentralized_internet,addon/LNRChain/node_modules/typescript/loc/lcl/JPN/TypeScriptTasks/TypeScript.Tasks.dll.lcl,https://pub.dev/api/archives/decentralized_internet-3.4.1.tar.gz
decentralized_internet,addon/LNRChain/node_modules/typescript/loc/lcl/KOR/TypeScriptDebugEngine/TypeScriptDebugEngine.dll.lcl,https://pub.dev/api/archives/decentralized_internet-3.4.1.tar.gz
decentralized_internet,addon/LNRChain/node_modules/typescript/loc/lcl/KOR/TypeScriptLanguageService/Microsoft.CodeAnalysis.TypeScript.EditorFeatures.dll.lcl,https://pub.dev/api/archives/decentralized_internet-3.4.1.tar.gz
decentralized_internet,addon/LNRChain/node_modules/typescript/loc/lcl/KOR/TypeScriptTasks/TypeScript.Tasks.dll.lcl,https://pub.dev/api/archives/decentralized_internet-3.4.1.tar.gz
decentralized_internet,addon/LNRChain/node_modules/typescript/loc/lcl/PLK/TypeScriptDebugEngine/TypeScriptDebugEngine.dll.lcl,https://pub.dev/api/archives/decentralized_internet-3.4.1.tar.gz
decentralized_internet,addon/LNRChain/node_modules/typescript/loc/lcl/PLK/TypeScriptLanguageService/Microsoft.CodeAnalysis.TypeScript.EditorFeatures.dll.lcl,https://pub.dev/api/archives/decentralized_internet-3.4.1.tar.gz
decentralized_internet,addon/LNRChain/node_modules/typescript/loc/lcl/PLK/TypeScriptTasks/TypeScript.Tasks.dll.lcl,https://pub.dev/api/archives/decentralized_internet-3.4.1.tar.gz
decentralized_internet,addon/LNRChain/node_modules/typescript/loc/lcl/PTB/TypeScriptDebugEngine/TypeScriptDebugEngine.dll.lcl,https://pub.dev/api/archives/decentralized_internet-3.4.1.tar.gz
decentralized_internet,addon/LNRChain/node_modules/typescript/loc/lcl/PTB/TypeScriptLanguageService/Microsoft.CodeAnalysis.TypeScript.EditorFeatures.dll.lcl,https://pub.dev/api/archives/decentralized_internet-3.4.1.tar.gz
decentralized_internet,addon/LNRChain/node_modules/typescript/loc/lcl/PTB/TypeScriptTasks/TypeScript.Tasks.dll.lcl,https://pub.dev/api/archives/decentralized_internet-3.4.1.tar.gz
decentralized_internet,addon/LNRChain/node_modules/typescript/loc/lcl/RUS/TypeScriptDebugEngine/TypeScriptDebugEngine.dll.lcl,https://pub.dev/api/archives/decentralized_internet-3.4.1.tar.gz
decentralized_internet,addon/LNRChain/node_modules/typescript/loc/lcl/RUS/TypeScriptLanguageService/Microsoft.CodeAnalysis.TypeScript.EditorFeatures.dll.lcl,https://pub.dev/api/archives/decentralized_internet-3.4.1.tar.gz
decentralized_internet,addon/LNRChain/node_modules/typescript/loc/lcl/RUS/TypeScriptTasks/TypeScript.Tasks.dll.lcl,https://pub.dev/api/archives/decentralized_internet-3.4.1.tar.gz
decentralized_internet,addon/LNRChain/node_modules/typescript/loc/lcl/TRK/TypeScriptDebugEngine/TypeScriptDebugEngine.dll.lcl,https://pub.dev/api/archives/decentralized_internet-3.4.1.tar.gz
decentralized_internet,addon/LNRChain/node_modules/typescript/loc/lcl/TRK/TypeScriptLanguageService/Microsoft.CodeAnalysis.TypeScript.EditorFeatures.dll.lcl,https://pub.dev/api/archives/decentralized_internet-3.4.1.tar.gz
decentralized_internet,addon/LNRChain/node_modules/typescript/loc/lcl/TRK/TypeScriptTasks/TypeScript.Tasks.dll.lcl,https://pub.dev/api/archives/decentralized_internet-3.4.1.tar.gz
derry,lib/src/blobs/windows_x64.dll,https://pub.dev/api/archives/derry-1.5.0.tar.gz
desktoasts,cli/desktoasts.dll,https://pub.dev/api/archives/desktoasts-0.0.3.tar.gz
desktoasts,windows/desktoasts.dll,https://pub.dev/api/archives/desktoasts-0.0.3.tar.gz
desktop_webview_window_for_is,windows/libs/x64/WebView2Loader.dll,https://pub.dev/api/archives/desktop_webview_window_for_is-0.2.4.tar.gz
desktop_webview_window_for_is,windows/libs/x64/WebView2Loader.dll.lib,https://pub.dev/api/archives/desktop_webview_window_for_is-0.2.4.tar.gz
desktop_webview_window,windows/libs/x64/WebView2Loader.dll,https://pub.dev/api/archives/desktop_webview_window-0.2.3.tar.gz
desktop_webview_window,windows/libs/x64/WebView2Loader.dll.lib,https://pub.dev/api/archives/desktop_webview_window-0.2.3.tar.gz
discord_rpc,windows/bin/discord-rpc.dll,https://pub.dev/api/archives/discord_rpc-0.0.2.tar.gz
dive_computer,native/lib/windows_x64/libdivecomputer-0.dll,https://pub.dev/api/archives/dive_computer-0.0.1.tar.gz
dive_computer,native/lib/windows_x64/libhidapi-0.dll,https://pub.dev/api/archives/dive_computer-0.0.1.tar.gz
dive_computer,native/lib/windows_x64/libusb-1.0.dll,https://pub.dev/api/archives/dive_computer-0.0.1.tar.gz
easy_onvif_cli,bin/discovery.dll,https://pub.dev/api/archives/easy_onvif_cli-3.1.3.tar.gz
easy_onvif,example/assets/discovery.dll,https://pub.dev/api/archives/easy_onvif-3.1.3.tar.gz
eloquent,example/bin/csharp/bin/Debug/net8.0/csharp.dll,https://pub.dev/api/archives/eloquent-3.3.1.tar.gz
eloquent,example/bin/csharp/Microsoft.Net.Compilers.4.2.0/tools/cs/Microsoft.Build.Tasks.CodeAnalysis.resources.dll,https://pub.dev/api/archives/eloquent-3.3.1.tar.gz
eloquent,example/bin/csharp/Microsoft.Net.Compilers.4.2.0/tools/cs/Microsoft.CodeAnalysis.CSharp.resources.dll,https://pub.dev/api/archives/eloquent-3.3.1.tar.gz
eloquent,example/bin/csharp/Microsoft.Net.Compilers.4.2.0/tools/cs/Microsoft.CodeAnalysis.CSharp.Scripting.resources.dll,https://pub.dev/api/archives/eloquent-3.3.1.tar.gz
eloquent,example/bin/csharp/Microsoft.Net.Compilers.4.2.0/tools/cs/Microsoft.CodeAnalysis.resources.dll,https://pub.dev/api/archives/eloquent-3.3.1.tar.gz
eloquent,example/bin/csharp/Microsoft.Net.Compilers.4.2.0/tools/cs/Microsoft.CodeAnalysis.Scripting.resources.dll,https://pub.dev/api/archives/eloquent-3.3.1.tar.gz
eloquent,example/bin/csharp/Microsoft.Net.Compilers.4.2.0/tools/cs/Microsoft.CodeAnalysis.VisualBasic.resources.dll,https://pub.dev/api/archives/eloquent-3.3.1.tar.gz
eloquent,example/bin/csharp/Microsoft.Net.Compilers.4.2.0/tools/de/Microsoft.Build.Tasks.CodeAnalysis.resources.dll,https://pub.dev/api/archives/eloquent-3.3.1.tar.gz
eloquent,example/bin/csharp/Microsoft.Net.Compilers.4.2.0/tools/de/Microsoft.CodeAnalysis.CSharp.resources.dll,https://pub.dev/api/archives/eloquent-3.3.1.tar.gz
eloquent,example/bin/csharp/Microsoft.Net.Compilers.4.2.0/tools/de/Microsoft.CodeAnalysis.CSharp.Scripting.resources.dll,https://pub.dev/api/archives/eloquent-3.3.1.tar.gz
eloquent,example/bin/csharp/Microsoft.Net.Compilers.4.2.0/tools/de/Microsoft.CodeAnalysis.resources.dll,https://pub.dev/api/archives/eloquent-3.3.1.tar.gz
eloquent,example/bin/csharp/Microsoft.Net.Compilers.4.2.0/tools/de/Microsoft.CodeAnalysis.Scripting.resources.dll,https://pub.dev/api/archives/eloquent-3.3.1.tar.gz
eloquent,example/bin/csharp/Microsoft.Net.Compilers.4.2.0/tools/de/Microsoft.CodeAnalysis.VisualBasic.resources.dll,https://pub.dev/api/archives/eloquent-3.3.1.tar.gz
eloquent,example/bin/csharp/Microsoft.Net.Compilers.4.2.0/tools/es/Microsoft.Build.Tasks.CodeAnalysis.resources.dll,https://pub.dev/api/archives/eloquent-3.3.1.tar.gz
eloquent,example/bin/csharp/Microsoft.Net.Compilers.4.2.0/tools/es/Microsoft.CodeAnalysis.CSharp.resources.dll,https://pub.dev/api/archives/eloquent-3.3.1.tar.gz
eloquent,example/bin/csharp/Microsoft.Net.Compilers.4.2.0/tools/es/Microsoft.CodeAnalysis.CSharp.Scripting.resources.dll,https://pub.dev/api/archives/eloquent-3.3.1.tar.gz
eloquent,example/bin/csharp/Microsoft.Net.Compilers.4.2.0/tools/es/Microsoft.CodeAnalysis.resources.dll,https://pub.dev/api/archives/eloquent-3.3.1.tar.gz
eloquent,example/bin/csharp/Microsoft.Net.Compilers.4.2.0/tools/es/Microsoft.CodeAnalysis.Scripting.resources.dll,https://pub.dev/api/archives/eloquent-3.3.1.tar.gz
eloquent,example/bin/csharp/Microsoft.Net.Compilers.4.2.0/tools/es/Microsoft.CodeAnalysis.VisualBasic.resources.dll,https://pub.dev/api/archives/eloquent-3.3.1.tar.gz
eloquent,example/bin/csharp/Microsoft.Net.Compilers.4.2.0/tools/fr/Microsoft.Build.Tasks.CodeAnalysis.resources.dll,https://pub.dev/api/archives/eloquent-3.3.1.tar.gz
eloquent,example/bin/csharp/Microsoft.Net.Compilers.4.2.0/tools/fr/Microsoft.CodeAnalysis.CSharp.resources.dll,https://pub.dev/api/archives/eloquent-3.3.1.tar.gz
eloquent,example/bin/csharp/Microsoft.Net.Compilers.4.2.0/tools/fr/Microsoft.CodeAnalysis.CSharp.Scripting.resources.dll,https://pub.dev/api/archives/eloquent-3.3.1.tar.gz
eloquent,example/bin/csharp/Microsoft.Net.Compilers.4.2.0/tools/fr/Microsoft.CodeAnalysis.resources.dll,https://pub.dev/api/archives/eloquent-3.3.1.tar.gz
eloquent,example/bin/csharp/Microsoft.Net.Compilers.4.2.0/tools/fr/Microsoft.CodeAnalysis.Scripting.resources.dll,https://pub.dev/api/archives/eloquent-3.3.1.tar.gz
eloquent,example/bin/csharp/Microsoft.Net.Compilers.4.2.0/tools/fr/Microsoft.CodeAnalysis.VisualBasic.resources.dll,https://pub.dev/api/archives/eloquent-3.3.1.tar.gz
eloquent,example/bin/csharp/Microsoft.Net.Compilers.4.2.0/tools/it/Microsoft.Build.Tasks.CodeAnalysis.resources.dll,https://pub.dev/api/archives/eloquent-3.3.1.tar.gz
eloquent,example/bin/csharp/Microsoft.Net.Compilers.4.2.0/tools/it/Microsoft.CodeAnalysis.CSharp.resources.dll,https://pub.dev/api/archives/eloquent-3.3.1.tar.gz
eloquent,example/bin/csharp/Microsoft.Net.Compilers.4.2.0/tools/it/Microsoft.CodeAnalysis.CSharp.Scripting.resources.dll,https://pub.dev/api/archives/eloquent-3.3.1.tar.gz
eloquent,example/bin/csharp/Microsoft.Net.Compilers.4.2.0/tools/it/Microsoft.CodeAnalysis.resources.dll,https://pub.dev/api/archives/eloquent-3.3.1.tar.gz
eloquent,example/bin/csharp/Microsoft.Net.Compilers.4.2.0/tools/it/Microsoft.CodeAnalysis.Scripting.resources.dll,https://pub.dev/api/archives/eloquent-3.3.1.tar.gz
eloquent,example/bin/csharp/Microsoft.Net.Compilers.4.2.0/tools/it/Microsoft.CodeAnalysis.VisualBasic.resources.dll,https://pub.dev/api/archives/eloquent-3.3.1.tar.gz
eloquent,example/bin/csharp/Microsoft.Net.Compilers.4.2.0/tools/ja/Microsoft.Build.Tasks.CodeAnalysis.resources.dll,https://pub.dev/api/archives/eloquent-3.3.1.tar.gz
eloquent,example/bin/csharp/Microsoft.Net.Compilers.4.2.0/tools/ja/Microsoft.CodeAnalysis.CSharp.resources.dll,https://pub.dev/api/archives/eloquent-3.3.1.tar.gz
eloquent,example/bin/csharp/Microsoft.Net.Compilers.4.2.0/tools/ja/Microsoft.CodeAnalysis.CSharp.Scripting.resources.dll,https://pub.dev/api/archives/eloquent-3.3.1.tar.gz
eloquent,example/bin/csharp/Microsoft.Net.Compilers.4.2.0/tools/ja/Microsoft.CodeAnalysis.resources.dll,https://pub.dev/api/archives/eloquent-3.3.1.tar.gz
eloquent,example/bin/csharp/Microsoft.Net.Compilers.4.2.0/tools/ja/Microsoft.CodeAnalysis.Scripting.resources.dll,https://pub.dev/api/archives/eloquent-3.3.1.tar.gz
eloquent,example/bin/csharp/Microsoft.Net.Compilers.4.2.0/tools/ja/Microsoft.CodeAnalysis.VisualBasic.resources.dll,https://pub.dev/api/archives/eloquent-3.3.1.tar.gz
eloquent,example/bin/csharp/Microsoft.Net.Compilers.4.2.0/tools/ko/Microsoft.Build.Tasks.CodeAnalysis.resources.dll,https://pub.dev/api/archives/eloquent-3.3.1.tar.gz
eloquent,example/bin/csharp/Microsoft.Net.Compilers.4.2.0/tools/ko/Microsoft.CodeAnalysis.CSharp.resources.dll,https://pub.dev/api/archives/eloquent-3.3.1.tar.gz
eloquent,example/bin/csharp/Microsoft.Net.Compilers.4.2.0/tools/ko/Microsoft.CodeAnalysis.CSharp.Scripting.resources.dll,https://pub.dev/api/archives/eloquent-3.3.1.tar.gz
eloquent,example/bin/csharp/Microsoft.Net.Compilers.4.2.0/tools/ko/Microsoft.CodeAnalysis.resources.dll,https://pub.dev/api/archives/eloquent-3.3.1.tar.gz
eloquent,example/bin/csharp/Microsoft.Net.Compilers.4.2.0/tools/ko/Microsoft.CodeAnalysis.Scripting.resources.dll,https://pub.dev/api/archives/eloquent-3.3.1.tar.gz
eloquent,example/bin/csharp/Microsoft.Net.Compilers.4.2.0/tools/ko/Microsoft.CodeAnalysis.VisualBasic.resources.dll,https://pub.dev/api/archives/eloquent-3.3.1.tar.gz
eloquent,example/bin/csharp/Microsoft.Net.Compilers.4.2.0/tools/Microsoft.Build.Tasks.CodeAnalysis.dll,https://pub.dev/api/archives/eloquent-3.3.1.tar.gz
eloquent,example/bin/csharp/Microsoft.Net.Compilers.4.2.0/tools/Microsoft.CodeAnalysis.CSharp.dll,https://pub.dev/api/archives/eloquent-3.3.1.tar.gz
eloquent,example/bin/csharp/Microsoft.Net.Compilers.4.2.0/tools/Microsoft.CodeAnalysis.CSharp.Scripting.dll,https://pub.dev/api/archives/eloquent-3.3.1.tar.gz
eloquent,example/bin/csharp/Microsoft.Net.Compilers.4.2.0/tools/Microsoft.CodeAnalysis.dll,https://pub.dev/api/archives/eloquent-3.3.1.tar.gz
eloquent,example/bin/csharp/Microsoft.Net.Compilers.4.2.0/tools/Microsoft.CodeAnalysis.Scripting.dll,https://pub.dev/api/archives/eloquent-3.3.1.tar.gz
eloquent,example/bin/csharp/Microsoft.Net.Compilers.4.2.0/tools/Microsoft.CodeAnalysis.VisualBasic.dll,https://pub.dev/api/archives/eloquent-3.3.1.tar.gz
eloquent,example/bin/csharp/Microsoft.Net.Compilers.4.2.0/tools/Microsoft.DiaSymReader.Native.amd64.dll,https://pub.dev/api/archives/eloquent-3.3.1.tar.gz
eloquent,example/bin/csharp/Microsoft.Net.Compilers.4.2.0/tools/Microsoft.DiaSymReader.Native.x86.dll,https://pub.dev/api/archives/eloquent-3.3.1.tar.gz
eloquent,example/bin/csharp/Microsoft.Net.Compilers.4.2.0/tools/pl/Microsoft.Build.Tasks.CodeAnalysis.resources.dll,https://pub.dev/api/archives/eloquent-3.3.1.tar.gz
eloquent,example/bin/csharp/Microsoft.Net.Compilers.4.2.0/tools/pl/Microsoft.CodeAnalysis.CSharp.resources.dll,https://pub.dev/api/archives/eloquent-3.3.1.tar.gz
eloquent,example/bin/csharp/Microsoft.Net.Compilers.4.2.0/tools/pl/Microsoft.CodeAnalysis.CSharp.Scripting.resources.dll,https://pub.dev/api/archives/eloquent-3.3.1.tar.gz
eloquent,example/bin/csharp/Microsoft.Net.Compilers.4.2.0/tools/pl/Microsoft.CodeAnalysis.resources.dll,https://pub.dev/api/archives/eloquent-3.3.1.tar.gz
eloquent,example/bin/csharp/Microsoft.Net.Compilers.4.2.0/tools/pl/Microsoft.CodeAnalysis.Scripting.resources.dll,https://pub.dev/api/archives/eloquent-3.3.1.tar.gz
eloquent,example/bin/csharp/Microsoft.Net.Compilers.4.2.0/tools/pl/Microsoft.CodeAnalysis.VisualBasic.resources.dll,https://pub.dev/api/archives/eloquent-3.3.1.tar.gz
eloquent,example/bin/csharp/Microsoft.Net.Compilers.4.2.0/tools/pt-BR/Microsoft.Build.Tasks.CodeAnalysis.resources.dll,https://pub.dev/api/archives/eloquent-3.3.1.tar.gz
eloquent,example/bin/csharp/Microsoft.Net.Compilers.4.2.0/tools/pt-BR/Microsoft.CodeAnalysis.CSharp.resources.dll,https://pub.dev/api/archives/eloquent-3.3.1.tar.gz
eloquent,example/bin/csharp/Microsoft.Net.Compilers.4.2.0/tools/pt-BR/Microsoft.CodeAnalysis.CSharp.Scripting.resources.dll,https://pub.dev/api/archives/eloquent-3.3.1.tar.gz
eloquent,example/bin/csharp/Microsoft.Net.Compilers.4.2.0/tools/pt-BR/Microsoft.CodeAnalysis.resources.dll,https://pub.dev/api/archives/eloquent-3.3.1.tar.gz
eloquent,example/bin/csharp/Microsoft.Net.Compilers.4.2.0/tools/pt-BR/Microsoft.CodeAnalysis.Scripting.resources.dll,https://pub.dev/api/archives/eloquent-3.3.1.tar.gz
eloquent,example/bin/csharp/Microsoft.Net.Compilers.4.2.0/tools/pt-BR/Microsoft.CodeAnalysis.VisualBasic.resources.dll,https://pub.dev/api/archives/eloquent-3.3.1.tar.gz
eloquent,example/bin/csharp/Microsoft.Net.Compilers.4.2.0/tools/ru/Microsoft.Build.Tasks.CodeAnalysis.resources.dll,https://pub.dev/api/archives/eloquent-3.3.1.tar.gz
eloquent,example/bin/csharp/Microsoft.Net.Compilers.4.2.0/tools/ru/Microsoft.CodeAnalysis.CSharp.resources.dll,https://pub.dev/api/archives/eloquent-3.3.1.tar.gz
eloquent,example/bin/csharp/Microsoft.Net.Compilers.4.2.0/tools/ru/Microsoft.CodeAnalysis.CSharp.Scripting.resources.dll,https://pub.dev/api/archives/eloquent-3.3.1.tar.gz
eloquent,example/bin/csharp/Microsoft.Net.Compilers.4.2.0/tools/ru/Microsoft.CodeAnalysis.resources.dll,https://pub.dev/api/archives/eloquent-3.3.1.tar.gz
eloquent,example/bin/csharp/Microsoft.Net.Compilers.4.2.0/tools/ru/Microsoft.CodeAnalysis.Scripting.resources.dll,https://pub.dev/api/archives/eloquent-3.3.1.tar.gz
eloquent,example/bin/csharp/Microsoft.Net.Compilers.4.2.0/tools/ru/Microsoft.CodeAnalysis.VisualBasic.resources.dll,https://pub.dev/api/archives/eloquent-3.3.1.tar.gz
eloquent,example/bin/csharp/Microsoft.Net.Compilers.4.2.0/tools/System.Buffers.dll,https://pub.dev/api/archives/eloquent-3.3.1.tar.gz
eloquent,example/bin/csharp/Microsoft.Net.Compilers.4.2.0/tools/System.Collections.Immutable.dll,https://pub.dev/api/archives/eloquent-3.3.1.tar.gz
eloquent,example/bin/csharp/Microsoft.Net.Compilers.4.2.0/tools/System.Memory.dll,https://pub.dev/api/archives/eloquent-3.3.1.tar.gz
eloquent,example/bin/csharp/Microsoft.Net.Compilers.4.2.0/tools/System.Numerics.Vectors.dll,https://pub.dev/api/archives/eloquent-3.3.1.tar.gz
eloquent,example/bin/csharp/Microsoft.Net.Compilers.4.2.0/tools/System.Reflection.Metadata.dll,https://pub.dev/api/archives/eloquent-3.3.1.tar.gz
eloquent,example/bin/csharp/Microsoft.Net.Compilers.4.2.0/tools/System.Runtime.CompilerServices.Unsafe.dll,https://pub.dev/api/archives/eloquent-3.3.1.tar.gz
eloquent,example/bin/csharp/Microsoft.Net.Compilers.4.2.0/tools/System.Text.Encoding.CodePages.dll,https://pub.dev/api/archives/eloquent-3.3.1.tar.gz
eloquent,example/bin/csharp/Microsoft.Net.Compilers.4.2.0/tools/System.Threading.Tasks.Extensions.dll,https://pub.dev/api/archives/eloquent-3.3.1.tar.gz
eloquent,example/bin/csharp/Microsoft.Net.Compilers.4.2.0/tools/tr/Microsoft.Build.Tasks.CodeAnalysis.resources.dll,https://pub.dev/api/archives/eloquent-3.3.1.tar.gz
eloquent,example/bin/csharp/Microsoft.Net.Compilers.4.2.0/tools/tr/Microsoft.CodeAnalysis.CSharp.resources.dll,https://pub.dev/api/archives/eloquent-3.3.1.tar.gz
eloquent,example/bin/csharp/Microsoft.Net.Compilers.4.2.0/tools/tr/Microsoft.CodeAnalysis.CSharp.Scripting.resources.dll,https://pub.dev/api/archives/eloquent-3.3.1.tar.gz
eloquent,example/bin/csharp/Microsoft.Net.Compilers.4.2.0/tools/tr/Microsoft.CodeAnalysis.resources.dll,https://pub.dev/api/archives/eloquent-3.3.1.tar.gz
eloquent,example/bin/csharp/Microsoft.Net.Compilers.4.2.0/tools/tr/Microsoft.CodeAnalysis.Scripting.resources.dll,https://pub.dev/api/archives/eloquent-3.3.1.tar.gz
eloquent,example/bin/csharp/Microsoft.Net.Compilers.4.2.0/tools/tr/Microsoft.CodeAnalysis.VisualBasic.resources.dll,https://pub.dev/api/archives/eloquent-3.3.1.tar.gz
eloquent,example/bin/csharp/Microsoft.Net.Compilers.4.2.0/tools/zh-Hans/Microsoft.Build.Tasks.CodeAnalysis.resources.dll,https://pub.dev/api/archives/eloquent-3.3.1.tar.gz
eloquent,example/bin/csharp/Microsoft.Net.Compilers.4.2.0/tools/zh-Hans/Microsoft.CodeAnalysis.CSharp.resources.dll,https://pub.dev/api/archives/eloquent-3.3.1.tar.gz
eloquent,example/bin/csharp/Microsoft.Net.Compilers.4.2.0/tools/zh-Hans/Microsoft.CodeAnalysis.CSharp.Scripting.resources.dll,https://pub.dev/api/archives/eloquent-3.3.1.tar.gz
eloquent,example/bin/csharp/Microsoft.Net.Compilers.4.2.0/tools/zh-Hans/Microsoft.CodeAnalysis.resources.dll,https://pub.dev/api/archives/eloquent-3.3.1.tar.gz
eloquent,example/bin/csharp/Microsoft.Net.Compilers.4.2.0/tools/zh-Hans/Microsoft.CodeAnalysis.Scripting.resources.dll,https://pub.dev/api/archives/eloquent-3.3.1.tar.gz
eloquent,example/bin/csharp/Microsoft.Net.Compilers.4.2.0/tools/zh-Hans/Microsoft.CodeAnalysis.VisualBasic.resources.dll,https://pub.dev/api/archives/eloquent-3.3.1.tar.gz
eloquent,example/bin/csharp/Microsoft.Net.Compilers.4.2.0/tools/zh-Hant/Microsoft.Build.Tasks.CodeAnalysis.resources.dll,https://pub.dev/api/archives/eloquent-3.3.1.tar.gz
eloquent,example/bin/csharp/Microsoft.Net.Compilers.4.2.0/tools/zh-Hant/Microsoft.CodeAnalysis.CSharp.resources.dll,https://pub.dev/api/archives/eloquent-3.3.1.tar.gz
eloquent,example/bin/csharp/Microsoft.Net.Compilers.4.2.0/tools/zh-Hant/Microsoft.CodeAnalysis.CSharp.Scripting.resources.dll,https://pub.dev/api/archives/eloquent-3.3.1.tar.gz
eloquent,example/bin/csharp/Microsoft.Net.Compilers.4.2.0/tools/zh-Hant/Microsoft.CodeAnalysis.resources.dll,https://pub.dev/api/archives/eloquent-3.3.1.tar.gz
eloquent,example/bin/csharp/Microsoft.Net.Compilers.4.2.0/tools/zh-Hant/Microsoft.CodeAnalysis.Scripting.resources.dll,https://pub.dev/api/archives/eloquent-3.3.1.tar.gz
eloquent,example/bin/csharp/Microsoft.Net.Compilers.4.2.0/tools/zh-Hant/Microsoft.CodeAnalysis.VisualBasic.resources.dll,https://pub.dev/api/archives/eloquent-3.3.1.tar.gz
eloquent,example/bin/csharp/obj/Debug/net8.0/csharp.dll,https://pub.dev/api/archives/eloquent-3.3.1.tar.gz
eloquent,example/bin/csharp/obj/Debug/net8.0/ref/csharp.dll,https://pub.dev/api/archives/eloquent-3.3.1.tar.gz
eloquent,example/bin/csharp/obj/Debug/net8.0/refint/csharp.dll,https://pub.dev/api/archives/eloquent-3.3.1.tar.gz
em_st_artifacts,windows/dll/em_st_artifacts-x64.dll,https://pub.dev/api/archives/em_st_artifacts-1.0.1.tar.gz
em_st_artifacts,windows/dll/em_st_artifacts-x86.dll,https://pub.dev/api/archives/em_st_artifacts-1.0.1.tar.gz
es_compression,lib/src/brotli/blobs/esbrotli-win64.dll,https://pub.dev/api/archives/es_compression-2.0.14.tar.gz
es_compression,lib/src/lz4/blobs/eslz4-win64.dll,https://pub.dev/api/archives/es_compression-2.0.14.tar.gz
es_compression,lib/src/zstd/blobs/eszstd-win64.dll,https://pub.dev/api/archives/es_compression-2.0.14.tar.gz
es_compression_silicon_support,lib/src/brotli/blobs/esbrotli-win64.dll,https://pub.dev/api/archives/es_compression_silicon_support-2.0.11.tar.gz
es_compression_silicon_support,lib/src/lz4/blobs/eslz4-win64.dll,https://pub.dev/api/archives/es_compression_silicon_support-2.0.11.tar.gz
es_compression_silicon_support,lib/src/zstd/blobs/eszstd-win64.dll,https://pub.dev/api/archives/es_compression_silicon_support-2.0.11.tar.gz
everything_search_engine,lib/src/dll/Everything64.dll,https://pub.dev/api/archives/everything_search_engine-0.2.1.tar.gz
everything_search_engine,thirdparty/dll/Everything32.dll,https://pub.dev/api/archives/everything_search_engine-0.2.1.tar.gz
everything_search_engine,thirdparty/dll/Everything64.dll,https://pub.dev/api/archives/everything_search_engine-0.2.1.tar.gz
fast_rsa,windows/shared/librsa_bridge.dll,https://pub.dev/api/archives/fast_rsa-3.8.4.tar.gz
filters_sdk,windows/x64/filters.dll,https://pub.dev/api/archives/filters_sdk-1.0.2.tar.gz
filters_sdk,windows/x86/filters.dll,https://pub.dev/api/archives/filters_sdk-1.0.2.tar.gz
flame_steamworks,example/steam_api64.dll,https://pub.dev/api/archives/flame_steamworks-0.4.3.tar.gz
flipper_rw,lib/objectbox.dll,https://pub.dev/api/archives/flipper_rw-1.0.1-dev.2.tar.gz
flipt_client,native/windows_x86_64/fliptengine.dll,https://pub.dev/api/archives/flipt_client-1.0.0.tar.gz
flutter_angle,windows/bin/dll/libc++.dll,https://pub.dev/api/archives/flutter_angle-0.2.8.tar.gz
flutter_angle,windows/bin/dll/libEGL.dll,https://pub.dev/api/archives/flutter_angle-0.2.8.tar.gz
flutter_angle,windows/bin/dll/libGLESv2.dll,https://pub.dev/api/archives/flutter_angle-0.2.8.tar.gz
flutter_angle,windows/bin/dll/msvcp140d.dll,https://pub.dev/api/archives/flutter_angle-0.2.8.tar.gz
flutter_angle,windows/bin/dll/ucrtbased.dll,https://pub.dev/api/archives/flutter_angle-0.2.8.tar.gz
flutter_angle,windows/bin/dll/vccorlib140d.dll,https://pub.dev/api/archives/flutter_angle-0.2.8.tar.gz
flutter_angle,windows/bin/dll/vcruntime140_1d.dll,https://pub.dev/api/archives/flutter_angle-0.2.8.tar.gz
flutter_angle,windows/bin/dll/vcruntime140d.dll,https://pub.dev/api/archives/flutter_angle-0.2.8.tar.gz
flutter_angle,windows/bin/dll/zlib.dll,https://pub.dev/api/archives/flutter_angle-0.2.8.tar.gz
flutter_angle,windows/bin/lib/libEGL.dll.lib,https://pub.dev/api/archives/flutter_angle-0.2.8.tar.gz
flutter_angle,windows/bin/lib/libGLESv2.dll.lib,https://pub.dev/api/archives/flutter_angle-0.2.8.tar.gz
flutter_angle_windows,windows/angle/x64/debug/libEGL.dll,https://pub.dev/api/archives/flutter_angle_windows-0.0.1.tar.gz
flutter_angle_windows,windows/angle/x64/debug/libEGL.dll.lib,https://pub.dev/api/archives/flutter_angle_windows-0.0.1.tar.gz
flutter_angle_windows,windows/angle/x64/debug/libGLESv2.dll,https://pub.dev/api/archives/flutter_angle_windows-0.0.1.tar.gz
flutter_angle_windows,windows/angle/x64/debug/libGLESv2.dll.lib,https://pub.dev/api/archives/flutter_angle_windows-0.0.1.tar.gz
flutter_angle_windows,windows/angle/x64/debug/zlib.dll,https://pub.dev/api/archives/flutter_angle_windows-0.0.1.tar.gz
flutter_angle_windows,windows/angle/x64/release/libEGL.dll,https://pub.dev/api/archives/flutter_angle_windows-0.0.1.tar.gz
flutter_angle_windows,windows/angle/x64/release/libEGL.dll.lib,https://pub.dev/api/archives/flutter_angle_windows-0.0.1.tar.gz
flutter_angle_windows,windows/angle/x64/release/libGLESv2.dll,https://pub.dev/api/archives/flutter_angle_windows-0.0.1.tar.gz
flutter_angle_windows,windows/angle/x64/release/libGLESv2.dll.lib,https://pub.dev/api/archives/flutter_angle_windows-0.0.1.tar.gz
flutter_angle_windows,windows/angle/x64/release/zlib.dll,https://pub.dev/api/archives/flutter_angle_windows-0.0.1.tar.gz
flutter_avif_windows,windows/flutter_avif.dll,https://pub.dev/api/archives/flutter_avif_windows-3.0.0.tar.gz
flutter_barcode_sdk,windows/bin/DynamicImagex64.dll,https://pub.dev/api/archives/flutter_barcode_sdk-3.1.1.tar.gz
flutter_barcode_sdk,windows/bin/DynamicPdfCorex64.dll,https://pub.dev/api/archives/flutter_barcode_sdk-3.1.1.tar.gz
flutter_barcode_sdk,windows/bin/DynamicPdfx64.dll,https://pub.dev/api/archives/flutter_barcode_sdk-3.1.1.tar.gz
flutter_barcode_sdk,windows/bin/DynamsoftBarcodeReaderx64.dll,https://pub.dev/api/archives/flutter_barcode_sdk-3.1.1.tar.gz
flutter_barcode_sdk,windows/bin/DynamsoftCaptureVisionRouterx64.dll,https://pub.dev/api/archives/flutter_barcode_sdk-3.1.1.tar.gz
flutter_barcode_sdk,windows/bin/DynamsoftCorex64.dll,https://pub.dev/api/archives/flutter_barcode_sdk-3.1.1.tar.gz
flutter_barcode_sdk,windows/bin/DynamsoftImageProcessingx64.dll,https://pub.dev/api/archives/flutter_barcode_sdk-3.1.1.tar.gz
flutter_barcode_sdk,windows/bin/DynamsoftLicensex64.dll,https://pub.dev/api/archives/flutter_barcode_sdk-3.1.1.tar.gz
flutter_barcode_sdk,windows/bin/DynamsoftUtilityx64.dll,https://pub.dev/api/archives/flutter_barcode_sdk-3.1.1.tar.gz
flutter_barcode_sdk,windows/bin/vcomp140.dll,https://pub.dev/api/archives/flutter_barcode_sdk-3.1.1.tar.gz
flutter_document_scan_sdk,windows/bin/DynamicImagex64.dll,https://pub.dev/api/archives/flutter_document_scan_sdk-2.0.2.tar.gz
flutter_document_scan_sdk,windows/bin/DynamicPdfCorex64.dll,https://pub.dev/api/archives/flutter_document_scan_sdk-2.0.2.tar.gz
flutter_document_scan_sdk,windows/bin/DynamicPdfx64.dll,https://pub.dev/api/archives/flutter_document_scan_sdk-2.0.2.tar.gz
flutter_document_scan_sdk,windows/bin/DynamsoftCaptureVisionRouterx64.dll,https://pub.dev/api/archives/flutter_document_scan_sdk-2.0.2.tar.gz
flutter_document_scan_sdk,windows/bin/DynamsoftCorex64.dll,https://pub.dev/api/archives/flutter_document_scan_sdk-2.0.2.tar.gz
flutter_document_scan_sdk,windows/bin/DynamsoftDocumentNormalizerx64.dll,https://pub.dev/api/archives/flutter_document_scan_sdk-2.0.2.tar.gz
flutter_document_scan_sdk,windows/bin/DynamsoftImageProcessingx64.dll,https://pub.dev/api/archives/flutter_document_scan_sdk-2.0.2.tar.gz
flutter_document_scan_sdk,windows/bin/DynamsoftLicensex64.dll,https://pub.dev/api/archives/flutter_document_scan_sdk-2.0.2.tar.gz
flutter_document_scan_sdk,windows/bin/DynamsoftUtilityx64.dll,https://pub.dev/api/archives/flutter_document_scan_sdk-2.0.2.tar.gz
flutter_document_scan_sdk,windows/bin/vcomp140.dll,https://pub.dev/api/archives/flutter_document_scan_sdk-2.0.2.tar.gz
flutter_embed_unity_2022_3_ios,ios/UnityFramework.framework/Data/Managed/Resources/mscorlib.dll-resources.dat,https://pub.dev/api/archives/flutter_embed_unity_2022_3_ios-1.0.2.tar.gz
flutter_gles2,lib/bin/angle/windows/libEGL.dll,https://pub.dev/api/archives/flutter_gles2-0.0.1-alpha.3.tar.gz
flutter_gles2,lib/bin/angle/windows/libGLESv2.dll,https://pub.dev/api/archives/flutter_gles2-0.0.1-alpha.3.tar.gz
flutter_js_ohos,windows/shared/quickjs_c_bridge.dll,https://pub.dev/api/archives/flutter_js_ohos-0.6.8.tar.gz
flutter_js_plus,windows/shared/quickjs_c_bridge.dll,https://pub.dev/api/archives/flutter_js_plus-0.0.4.tar.gz
flutter_js_stable,windows/shared/quickjs_c_bridge.dll,https://pub.dev/api/archives/flutter_js_stable-1.0.0.tar.gz
flutter_js,windows/shared/quickjs_c_bridge.dll,https://pub.dev/api/archives/flutter_js-0.8.5.tar.gz
flutter_libraw,bin/libraw.dll,https://pub.dev/api/archives/flutter_libraw-0.0.2.tar.gz
flutter_libraw,libraw/libraw.dll,https://pub.dev/api/archives/flutter_libraw-0.0.2.tar.gz
flutter_livekit_webrtc,third_party/libwebrtc/lib/win64/libwebrtc.dll,https://pub.dev/api/archives/flutter_livekit_webrtc-0.12.1%2Bhotfix.3.tar.gz
flutter_livekit_webrtc,third_party/libwebrtc/lib/win64/libwebrtc.dll.lib,https://pub.dev/api/archives/flutter_livekit_webrtc-0.12.1%2Bhotfix.3.tar.gz
flutter_media_finder,cxx/external/MediaInfo.dll,https://pub.dev/api/archives/flutter_media_finder-1.0.3.tar.gz
flutter_media_info,windows/libs/MediaInfo.dll,https://pub.dev/api/archives/flutter_media_info-0.0.3.tar.gz
flutter_media_metadata,cxx/external/MediaInfo.dll,https://pub.dev/api/archives/flutter_media_metadata-1.0.0%2B1.tar.gz
flutter_ocr_sdk,windows/bin/DynamicImagex64.dll,https://pub.dev/api/archives/flutter_ocr_sdk-2.0.5.tar.gz
flutter_ocr_sdk,windows/bin/DynamicPdfCorex64.dll,https://pub.dev/api/archives/flutter_ocr_sdk-2.0.5.tar.gz
flutter_ocr_sdk,windows/bin/DynamicPdfx64.dll,https://pub.dev/api/archives/flutter_ocr_sdk-2.0.5.tar.gz
flutter_ocr_sdk,windows/bin/DynamsoftCaptureVisionRouterx64.dll,https://pub.dev/api/archives/flutter_ocr_sdk-2.0.5.tar.gz
flutter_ocr_sdk,windows/bin/DynamsoftCodeParserDedicatorx64.dll,https://pub.dev/api/archives/flutter_ocr_sdk-2.0.5.tar.gz
flutter_ocr_sdk,windows/bin/DynamsoftCodeParserx64.dll,https://pub.dev/api/archives/flutter_ocr_sdk-2.0.5.tar.gz
flutter_ocr_sdk,windows/bin/DynamsoftCorex64.dll,https://pub.dev/api/archives/flutter_ocr_sdk-2.0.5.tar.gz
flutter_ocr_sdk,windows/bin/DynamsoftDocumentNormalizerx64.dll,https://pub.dev/api/archives/flutter_ocr_sdk-2.0.5.tar.gz
flutter_ocr_sdk,windows/bin/DynamsoftImageProcessingx64.dll,https://pub.dev/api/archives/flutter_ocr_sdk-2.0.5.tar.gz
flutter_ocr_sdk,windows/bin/DynamsoftLabelRecognizerx64.dll,https://pub.dev/api/archives/flutter_ocr_sdk-2.0.5.tar.gz
flutter_ocr_sdk,windows/bin/DynamsoftLicenseClientx64.dll,https://pub.dev/api/archives/flutter_ocr_sdk-2.0.5.tar.gz
flutter_ocr_sdk,windows/bin/DynamsoftLicensex64.dll,https://pub.dev/api/archives/flutter_ocr_sdk-2.0.5.tar.gz
flutter_ocr_sdk,windows/bin/DynamsoftNeuralNetworkx64.dll,https://pub.dev/api/archives/flutter_ocr_sdk-2.0.5.tar.gz
flutter_ocr_sdk,windows/bin/DynamsoftUtilityx64.dll,https://pub.dev/api/archives/flutter_ocr_sdk-2.0.5.tar.gz
flutter_ocr_sdk,windows/bin/vcomp140.dll,https://pub.dev/api/archives/flutter_ocr_sdk-2.0.5.tar.gz
flutter_olm,ios/lib/ed25519/ed25519_32.dll,https://pub.dev/api/archives/flutter_olm-2.0.0.tar.gz
flutter_olm,ios/lib/ed25519/ed25519_64.dll,https://pub.dev/api/archives/flutter_olm-2.0.0.tar.gz
flutter_opencc_ffi_windows,windows/shared/opencc.dll,https://pub.dev/api/archives/flutter_opencc_ffi_windows-0.0.3.tar.gz
flutter_openim_sdk_ffi,windows/libopenim_sdk_ffi.dll,https://pub.dev/api/archives/flutter_openim_sdk_ffi-3.8.3-alpha.20.tar.gz
flutter_plugin_stkouyu,windows/3rd/dll/api-ms-win-core-console-l1-1-0.dll,https://pub.dev/api/archives/flutter_plugin_stkouyu-1.0.29.tar.gz
flutter_plugin_stkouyu,windows/3rd/dll/api-ms-win-core-datetime-l1-1-0.dll,https://pub.dev/api/archives/flutter_plugin_stkouyu-1.0.29.tar.gz
flutter_plugin_stkouyu,windows/3rd/dll/api-ms-win-core-debug-l1-1-0.dll,https://pub.dev/api/archives/flutter_plugin_stkouyu-1.0.29.tar.gz
flutter_plugin_stkouyu,windows/3rd/dll/api-ms-win-core-errorhandling-l1-1-0.dll,https://pub.dev/api/archives/flutter_plugin_stkouyu-1.0.29.tar.gz
flutter_plugin_stkouyu,windows/3rd/dll/api-ms-win-core-file-l1-1-0.dll,https://pub.dev/api/archives/flutter_plugin_stkouyu-1.0.29.tar.gz
flutter_plugin_stkouyu,windows/3rd/dll/api-ms-win-core-file-l1-2-0.dll,https://pub.dev/api/archives/flutter_plugin_stkouyu-1.0.29.tar.gz
flutter_plugin_stkouyu,windows/3rd/dll/api-ms-win-core-file-l2-1-0.dll,https://pub.dev/api/archives/flutter_plugin_stkouyu-1.0.29.tar.gz
flutter_plugin_stkouyu,windows/3rd/dll/api-ms-win-core-handle-l1-1-0.dll,https://pub.dev/api/archives/flutter_plugin_stkouyu-1.0.29.tar.gz
flutter_plugin_stkouyu,windows/3rd/dll/api-ms-win-core-heap-l1-1-0.dll,https://pub.dev/api/archives/flutter_plugin_stkouyu-1.0.29.tar.gz
flutter_plugin_stkouyu,windows/3rd/dll/api-ms-win-core-interlocked-l1-1-0.dll,https://pub.dev/api/archives/flutter_plugin_stkouyu-1.0.29.tar.gz
flutter_plugin_stkouyu,windows/3rd/dll/api-ms-win-core-libraryloader-l1-1-0.dll,https://pub.dev/api/archives/flutter_plugin_stkouyu-1.0.29.tar.gz
flutter_plugin_stkouyu,windows/3rd/dll/api-ms-win-core-localization-l1-2-0.dll,https://pub.dev/api/archives/flutter_plugin_stkouyu-1.0.29.tar.gz
flutter_plugin_stkouyu,windows/3rd/dll/api-ms-win-core-memory-l1-1-0.dll,https://pub.dev/api/archives/flutter_plugin_stkouyu-1.0.29.tar.gz
flutter_plugin_stkouyu,windows/3rd/dll/api-ms-win-core-namedpipe-l1-1-0.dll,https://pub.dev/api/archives/flutter_plugin_stkouyu-1.0.29.tar.gz
flutter_plugin_stkouyu,windows/3rd/dll/api-ms-win-core-processenvironment-l1-1-0.dll,https://pub.dev/api/archives/flutter_plugin_stkouyu-1.0.29.tar.gz
flutter_plugin_stkouyu,windows/3rd/dll/api-ms-win-core-processthreads-l1-1-0.dll,https://pub.dev/api/archives/flutter_plugin_stkouyu-1.0.29.tar.gz
flutter_plugin_stkouyu,windows/3rd/dll/api-ms-win-core-processthreads-l1-1-1.dll,https://pub.dev/api/archives/flutter_plugin_stkouyu-1.0.29.tar.gz
flutter_plugin_stkouyu,windows/3rd/dll/api-ms-win-core-profile-l1-1-0.dll,https://pub.dev/api/archives/flutter_plugin_stkouyu-1.0.29.tar.gz
flutter_plugin_stkouyu,windows/3rd/dll/api-ms-win-core-rtlsupport-l1-1-0.dll,https://pub.dev/api/archives/flutter_plugin_stkouyu-1.0.29.tar.gz
flutter_plugin_stkouyu,windows/3rd/dll/api-ms-win-core-string-l1-1-0.dll,https://pub.dev/api/archives/flutter_plugin_stkouyu-1.0.29.tar.gz
flutter_plugin_stkouyu,windows/3rd/dll/api-ms-win-core-synch-l1-1-0.dll,https://pub.dev/api/archives/flutter_plugin_stkouyu-1.0.29.tar.gz
flutter_plugin_stkouyu,windows/3rd/dll/api-ms-win-core-synch-l1-2-0.dll,https://pub.dev/api/archives/flutter_plugin_stkouyu-1.0.29.tar.gz
flutter_plugin_stkouyu,windows/3rd/dll/api-ms-win-core-sysinfo-l1-1-0.dll,https://pub.dev/api/archives/flutter_plugin_stkouyu-1.0.29.tar.gz
flutter_plugin_stkouyu,windows/3rd/dll/api-ms-win-core-timezone-l1-1-0.dll,https://pub.dev/api/archives/flutter_plugin_stkouyu-1.0.29.tar.gz
flutter_plugin_stkouyu,windows/3rd/dll/api-ms-win-core-util-l1-1-0.dll,https://pub.dev/api/archives/flutter_plugin_stkouyu-1.0.29.tar.gz
flutter_plugin_stkouyu,windows/3rd/dll/msvcp140d.dll,https://pub.dev/api/archives/flutter_plugin_stkouyu-1.0.29.tar.gz
flutter_plugin_stkouyu,windows/3rd/dll/msvcp140.dll,https://pub.dev/api/archives/flutter_plugin_stkouyu-1.0.29.tar.gz
flutter_plugin_stkouyu,windows/3rd/dll/ucrtbased.dll,https://pub.dev/api/archives/flutter_plugin_stkouyu-1.0.29.tar.gz
flutter_plugin_stkouyu,windows/3rd/dll/vcruntime140_1d.dll,https://pub.dev/api/archives/flutter_plugin_stkouyu-1.0.29.tar.gz
flutter_plugin_stkouyu,windows/3rd/dll/vcruntime140_1.dll,https://pub.dev/api/archives/flutter_plugin_stkouyu-1.0.29.tar.gz
flutter_plugin_stkouyu,windows/3rd/dll/vcruntime140d.dll,https://pub.dev/api/archives/flutter_plugin_stkouyu-1.0.29.tar.gz
flutter_plugin_stkouyu,windows/3rd/dll/vcruntime140.dll,https://pub.dev/api/archives/flutter_plugin_stkouyu-1.0.29.tar.gz
flutter_plugin_stkouyu,windows/stKouyuEngine/skegn.dll,https://pub.dev/api/archives/flutter_plugin_stkouyu-1.0.29.tar.gz
flutter_plugin_stkouyu,windows/stKouyuEngine/stKouyuEngine.dll,https://pub.dev/api/archives/flutter_plugin_stkouyu-1.0.29.tar.gz
flutter_quick_usb,windows/libusb-1.0.23.dll,https://pub.dev/api/archives/flutter_quick_usb-0.4.0.tar.gz
flutter_soloud,windows/libs/ogg.dll,https://pub.dev/api/archives/flutter_soloud-3.2.1.tar.gz
flutter_soloud,windows/libs/opus.dll,https://pub.dev/api/archives/flutter_soloud-3.2.1.tar.gz
flutter_sparkle,windows/bin/WinSparkle.dll,https://pub.dev/api/archives/flutter_sparkle-0.0.2.tar.gz
flutter_synthizer,example/synthizer.dll,https://pub.dev/api/archives/flutter_synthizer-0.9.0.tar.gz
flutter_twain_scanner,windows/src/pub/external/bin/win64/FreeImage.dll,https://pub.dev/api/archives/flutter_twain_scanner-2.0.1.tar.gz
flutter_twain_scanner,windows/src/pub/external/bin/win64/TWAINDSM.dll,https://pub.dev/api/archives/flutter_twain_scanner-2.0.1.tar.gz
flutter_twain_scanner,windows/twain_64/sample2/FreeImagex64.dll,https://pub.dev/api/archives/flutter_twain_scanner-2.0.1.tar.gz
flutter_twain_scanner,windows/twain_64/sample2/QtCore4.dll,https://pub.dev/api/archives/flutter_twain_scanner-2.0.1.tar.gz
flutter_twain_scanner,windows/twain_64/sample2/QtGui4.dll,https://pub.dev/api/archives/flutter_twain_scanner-2.0.1.tar.gz
flutter_unity,example/android/unityExport/src/main/assets/bin/Data/Managed/Resources/mscorlib.dll-resources.dat,https://pub.dev/api/archives/flutter_unity-0.3.0.tar.gz
flutter_unity_widget,example/unity/DemoApp/Assets/AssetStoreTools/Editor/AssetStoreTools.dll,https://pub.dev/api/archives/flutter_unity_widget-2022.2.1.tar.gz
flutter_unity_widget,example/unity/DemoApp/Assets/AssetStoreTools/Editor/AssetStoreTools.dll.meta,https://pub.dev/api/archives/flutter_unity_widget-2022.2.1.tar.gz
flutter_unity_widget,example/unity/DemoApp/Assets/FlutterUnityIntegration/JsonDotNet/Assemblies/AOT/Newtonsoft.Json.dll,https://pub.dev/api/archives/flutter_unity_widget-2022.2.1.tar.gz
flutter_unity_widget,example/unity/DemoApp/Assets/FlutterUnityIntegration/JsonDotNet/Assemblies/AOT/Newtonsoft.Json.dll.meta,https://pub.dev/api/archives/flutter_unity_widget-2022.2.1.tar.gz
flutter_unity_widget,example/unity/DemoApp/Assets/FlutterUnityIntegration/JsonDotNet/Assemblies/Standalone/Newtonsoft.Json.dll.txt,https://pub.dev/api/archives/flutter_unity_widget-2022.2.1.tar.gz
flutter_unity_widget,example/unity/DemoApp/Assets/FlutterUnityIntegration/JsonDotNet/Assemblies/Standalone/Newtonsoft.Json.dll.txt.meta,https://pub.dev/api/archives/flutter_unity_widget-2022.2.1.tar.gz
flutter_unity_widget,example/unity/DemoApp/Assets/FlutterUnityIntegration/JsonDotNet/Assemblies/Windows/Newtonsoft.Json.dll.txt,https://pub.dev/api/archives/flutter_unity_widget-2022.2.1.tar.gz
flutter_unity_widget,example/unity/DemoApp/Assets/FlutterUnityIntegration/JsonDotNet/Assemblies/Windows/Newtonsoft.Json.dll.txt.meta,https://pub.dev/api/archives/flutter_unity_widget-2022.2.1.tar.gz
flutter_webrtc_fix,third_party/libwebrtc/lib/win64/libwebrtc.dll,https://pub.dev/api/archives/flutter_webrtc_fix-0.0.2.tar.gz
flutter_webrtc_fix,third_party/libwebrtc/lib/win64/libwebrtc.dll.lib,https://pub.dev/api/archives/flutter_webrtc_fix-0.0.2.tar.gz
flutter_webrtc_haoxin,third_party/libwebrtc/lib/win64/libwebrtc.dll,https://pub.dev/api/archives/flutter_webrtc_haoxin-0.9.51.tar.gz
flutter_webrtc_haoxin,third_party/libwebrtc/lib/win64/libwebrtc.dll.lib,https://pub.dev/api/archives/flutter_webrtc_haoxin-0.9.51.tar.gz
flutter_webrtc_plus,third_party/gpupixel/lib/windows/gpupixel.dll,https://pub.dev/api/archives/flutter_webrtc_plus-0.14.1%2B4.tar.gz
flutter_webrtc_plus,third_party/gpupixel/lib/windows/mars-face-kit.dll,https://pub.dev/api/archives/flutter_webrtc_plus-0.14.1%2B4.tar.gz
flutter_webrtc_plus,third_party/libwebrtc/lib/win64/libwebrtc.dll,https://pub.dev/api/archives/flutter_webrtc_plus-0.14.1%2B4.tar.gz
flutter_webrtc_plus,third_party/libwebrtc/lib/win64/libwebrtc.dll.lib,https://pub.dev/api/archives/flutter_webrtc_plus-0.14.1%2B4.tar.gz
flutter_webrtc_plus,third_party/mars-face-kit/libs/windows/msvc-x64/mars-face-kit.dll,https://pub.dev/api/archives/flutter_webrtc_plus-0.14.1%2B4.tar.gz
flutter_webrtc,third_party/libwebrtc/lib/win64/libwebrtc.dll,https://pub.dev/api/archives/flutter_webrtc-0.14.2.tar.gz
flutter_webrtc,third_party/libwebrtc/lib/win64/libwebrtc.dll.lib,https://pub.dev/api/archives/flutter_webrtc-0.14.2.tar.gz
flutter_webrtc_vconnex,third_party/libwebrtc/lib/win64/libwebrtc.dll,https://pub.dev/api/archives/flutter_webrtc_vconnex-0.0.8.tar.gz
flutter_webrtc_vconnex,third_party/libwebrtc/lib/win64/libwebrtc.dll.lib,https://pub.dev/api/archives/flutter_webrtc_vconnex-0.0.8.tar.gz
flutter_webrtc_zwap,windows/third_party/libwebrtc/lib/libwebrtc.dll,https://pub.dev/api/archives/flutter_webrtc_zwap-0.1.1.tar.gz
flutter_webrtc_zwap,windows/third_party/libwebrtc/lib/libwebrtc.dll.lib,https://pub.dev/api/archives/flutter_webrtc_zwap-0.1.1.tar.gz
flutter_zwap_webrtc,third_party/libwebrtc/lib/win/x64/libwebrtc.dll,https://pub.dev/api/archives/flutter_zwap_webrtc-0.8.4.tar.gz
flutter_zwap_webrtc,third_party/libwebrtc/lib/win/x64/libwebrtc.dll.lib,https://pub.dev/api/archives/flutter_zwap_webrtc-0.8.4.tar.gz
fountainview,ios/FountainSharpWrapperIOS.framework/MonoBundle/FountainSharp.Parse.dll,https://pub.dev/api/archives/fountainview-1.0.5.tar.gz
fountainview,ios/FountainSharpWrapperIOS.framework/MonoBundle/FountainSharpWrapperIOS.dll,https://pub.dev/api/archives/fountainview-1.0.5.tar.gz
fountainview,ios/FountainSharpWrapperIOS.framework/MonoBundle/FSharp.Core.dll,https://pub.dev/api/archives/fountainview-1.0.5.tar.gz
fountainview,ios/FountainSharpWrapperIOS.framework/MonoBundle/Mono.Security.dll,https://pub.dev/api/archives/fountainview-1.0.5.tar.gz
fountainview,ios/FountainSharpWrapperIOS.framework/MonoBundle/.monotouch-32/Xamarin.iOS.dll,https://pub.dev/api/archives/fountainview-1.0.5.tar.gz
fountainview,ios/FountainSharpWrapperIOS.framework/MonoBundle/.monotouch-64/Xamarin.iOS.dll,https://pub.dev/api/archives/fountainview-1.0.5.tar.gz
fountainview,ios/FountainSharpWrapperIOS.framework/MonoBundle/mscorlib.dll,https://pub.dev/api/archives/fountainview-1.0.5.tar.gz
fountainview,ios/FountainSharpWrapperIOS.framework/MonoBundle/simulator/FountainSharp.Parse.dll,https://pub.dev/api/archives/fountainview-1.0.5.tar.gz
fountainview,ios/FountainSharpWrapperIOS.framework/MonoBundle/simulator/FountainSharpWrapperIOS.dll,https://pub.dev/api/archives/fountainview-1.0.5.tar.gz
fountainview,ios/FountainSharpWrapperIOS.framework/MonoBundle/simulator/FSharp.Core.dll,https://pub.dev/api/archives/fountainview-1.0.5.tar.gz
fountainview,ios/FountainSharpWrapperIOS.framework/MonoBundle/simulator/Mono.Security.dll,https://pub.dev/api/archives/fountainview-1.0.5.tar.gz
fountainview,ios/FountainSharpWrapperIOS.framework/MonoBundle/simulator/.monotouch-32/Xamarin.iOS.dll,https://pub.dev/api/archives/fountainview-1.0.5.tar.gz
fountainview,ios/FountainSharpWrapperIOS.framework/MonoBundle/simulator/.monotouch-64/Xamarin.iOS.dll,https://pub.dev/api/archives/fountainview-1.0.5.tar.gz
fountainview,ios/FountainSharpWrapperIOS.framework/MonoBundle/simulator/mscorlib.dll,https://pub.dev/api/archives/fountainview-1.0.5.tar.gz
fountainview,ios/FountainSharpWrapperIOS.framework/MonoBundle/simulator/System.Core.dll,https://pub.dev/api/archives/fountainview-1.0.5.tar.gz
fountainview,ios/FountainSharpWrapperIOS.framework/MonoBundle/simulator/System.dll,https://pub.dev/api/archives/fountainview-1.0.5.tar.gz
fountainview,ios/FountainSharpWrapperIOS.framework/MonoBundle/System.Core.dll,https://pub.dev/api/archives/fountainview-1.0.5.tar.gz
fountainview,ios/FountainSharpWrapperIOS.framework/MonoBundle/System.dll,https://pub.dev/api/archives/fountainview-1.0.5.tar.gz
freetype_dart,freetype.dll,https://pub.dev/api/archives/freetype_dart-1.0.1.tar.gz
freetype_dart,libbrotlicommon.dll,https://pub.dev/api/archives/freetype_dart-1.0.1.tar.gz
freetype_dart,libbrotlidec.dll,https://pub.dev/api/archives/freetype_dart-1.0.1.tar.gz
freetype_dart,libfreetype-6.dll,https://pub.dev/api/archives/freetype_dart-1.0.1.tar.gz
freetype_dart,libgcc_s_seh-1.dll,https://pub.dev/api/archives/freetype_dart-1.0.1.tar.gz
freetype_dart,libglib-2.0-0.dll,https://pub.dev/api/archives/freetype_dart-1.0.1.tar.gz
freetype_dart,libgraphite2.dll,https://pub.dev/api/archives/freetype_dart-1.0.1.tar.gz
freetype_dart,libharfbuzz-0.dll,https://pub.dev/api/archives/freetype_dart-1.0.1.tar.gz
freetype_dart,libintl-8.dll,https://pub.dev/api/archives/freetype_dart-1.0.1.tar.gz
freetype_dart,libpng16-16.dll,https://pub.dev/api/archives/freetype_dart-1.0.1.tar.gz
freetype_dart,zlib1.dll,https://pub.dev/api/archives/freetype_dart-1.0.1.tar.gz
fts5_simple,example/windows/libs/sqlite3.dll,https://pub.dev/api/archives/fts5_simple-0.0.1.tar.gz
fts5_simple,windows/libs/simple.dll,https://pub.dev/api/archives/fts5_simple-0.0.1.tar.gz
futronic,FTRAPI.dll,https://pub.dev/api/archives/futronic-1.0.0.tar.gz
futronic,ftrScanAPI.dll,https://pub.dev/api/archives/futronic-1.0.0.tar.gz
geiger_api_connector,example/sqlite3.dll,https://pub.dev/api/archives/geiger_api_connector-0.4.11.tar.gz
geiger_api,sqlite3.dll,https://pub.dev/api/archives/geiger_api-0.8.2.tar.gz
geiger_localstorage,sqlite3.dll,https://pub.dev/api/archives/geiger_localstorage-0.8.2.tar.gz
git2dart_binaries,windows/libgit2.dll,https://pub.dev/api/archives/git2dart_binaries-1.9.16.tar.gz
git2dart_binaries,windows/libssh2.dll,https://pub.dev/api/archives/git2dart_binaries-1.9.16.tar.gz
glfw_dart,example/third-party/glfw3.dll,https://pub.dev/api/archives/glfw_dart-1.0.0.tar.gz
grpc_cronet,windows/lib/cronet.104.0.5108.0.dll,https://pub.dev/api/archives/grpc_cronet-0.0.7.tar.gz
grpc_cronet,windows/lib/cronet.104.0.5108.0.dll.lib,https://pub.dev/api/archives/grpc_cronet-0.0.7.tar.gz
hamreen_printing,windows/pdfium/bin/pdfium.dll,https://pub.dev/api/archives/hamreen_printing-6.2.3.tar.gz
hamreen_printing,windows/pdfium/lib/pdfium.dll.lib,https://pub.dev/api/archives/hamreen_printing-6.2.3.tar.gz
ilkertestwg,windows/lib/tunnel/amd64/tunnel.dll,https://pub.dev/api/archives/ilkertestwg-0.1.3.tar.gz
ilkertestwg,windows/lib/tunnel/arm64/tunnel.dll,https://pub.dev/api/archives/ilkertestwg-0.1.3.tar.gz
ilkertestwg,windows/lib/wireguard/amd64/wireguard.dll,https://pub.dev/api/archives/ilkertestwg-0.1.3.tar.gz
ilkertestwg,windows/lib/wireguard/arm64/wireguard.dll,https://pub.dev/api/archives/ilkertestwg-0.1.3.tar.gz
imgui_dart,lib/src/dependencies/cimgui32.dll,https://pub.dev/api/archives/imgui_dart-1.0.0-dev.1.tar.gz
imgui_dart,lib/src/dependencies/cimgui64.dll,https://pub.dev/api/archives/imgui_dart-1.0.0-dev.1.tar.gz
inditrans,example.dart/inditrans.dll,https://pub.dev/api/archives/inditrans-0.12.1.tar.gz
inno_build,lib/assets/ISCmplr.dll,https://pub.dev/api/archives/inno_build-0.3.0.tar.gz
inno_build,lib/assets/islzma.dll,https://pub.dev/api/archives/inno_build-0.3.0.tar.gz
inno_build,lib/assets/msvcp140.dll,https://pub.dev/api/archives/inno_build-0.3.0.tar.gz
inno_build,lib/assets/vcruntime140_1.dll,https://pub.dev/api/archives/inno_build-0.3.0.tar.gz
inno_build,lib/assets/vcruntime140.dll,https://pub.dev/api/archives/inno_build-0.3.0.tar.gz
iop_sdk,iop_sdk/0.0.17-snapshot/libiop_sdk_ffi_windows.dll,https://pub.dev/api/archives/iop_sdk-6.0.1.tar.gz
isar_flutter_libs,windows/isar.dll,https://pub.dev/api/archives/isar_flutter_libs-3.1.0%2B1.tar.gz
jafri_flutter_unity_widget,example/unity/DemoApp/Assets/JsonDotNet/Assemblies/AOT/Newtonsoft.Json.dll,https://pub.dev/api/archives/jafri_flutter_unity_widget-0.1.6%2B9.tar.gz
jafri_flutter_unity_widget,example/unity/DemoApp/Assets/JsonDotNet/Assemblies/AOT/Newtonsoft.Json.dll.meta,https://pub.dev/api/archives/jafri_flutter_unity_widget-0.1.6%2B9.tar.gz
jafri_flutter_unity_widget,example/unity/DemoApp/Assets/JsonDotNet/Assemblies/Standalone/Newtonsoft.Json.dll,https://pub.dev/api/archives/jafri_flutter_unity_widget-0.1.6%2B9.tar.gz
jafri_flutter_unity_widget,example/unity/DemoApp/Assets/JsonDotNet/Assemblies/Standalone/Newtonsoft.Json.dll.meta,https://pub.dev/api/archives/jafri_flutter_unity_widget-0.1.6%2B9.tar.gz
jafri_flutter_unity_widget,example/unity/DemoApp/Assets/JsonDotNet/Assemblies/Windows/Newtonsoft.Json.dll,https://pub.dev/api/archives/jafri_flutter_unity_widget-0.1.6%2B9.tar.gz
jafri_flutter_unity_widget,example/unity/DemoApp/Assets/JsonDotNet/Assemblies/Windows/Newtonsoft.Json.dll.meta,https://pub.dev/api/archives/jafri_flutter_unity_widget-0.1.6%2B9.tar.gz
jafri_flutter_unity_widget,scripts/older/JsonDotNet/Assemblies/AOT/Newtonsoft.Json.dll,https://pub.dev/api/archives/jafri_flutter_unity_widget-0.1.6%2B9.tar.gz
jafri_flutter_unity_widget,scripts/older/JsonDotNet/Assemblies/Standalone/Newtonsoft.Json.dll,https://pub.dev/api/archives/jafri_flutter_unity_widget-0.1.6%2B9.tar.gz
jafri_flutter_unity_widget,scripts/older/JsonDotNet/Assemblies/Windows/Newtonsoft.Json.dll,https://pub.dev/api/archives/jafri_flutter_unity_widget-0.1.6%2B9.tar.gz
jafri_flutter_unity_widget,scripts/unity_2019_3_5_later/JsonDotNet/Assemblies/AOT/Newtonsoft.Json.dll,https://pub.dev/api/archives/jafri_flutter_unity_widget-0.1.6%2B9.tar.gz
jafri_flutter_unity_widget,scripts/unity_2019_3_5_later/JsonDotNet/Assemblies/Standalone/Newtonsoft.Json.dll,https://pub.dev/api/archives/jafri_flutter_unity_widget-0.1.6%2B9.tar.gz
jafri_flutter_unity_widget,scripts/unity_2019_3_5_later/JsonDotNet/Assemblies/Windows/Newtonsoft.Json.dll,https://pub.dev/api/archives/jafri_flutter_unity_widget-0.1.6%2B9.tar.gz
jpeg_turbo_resizer,windows/libjpeg-turbo/lib/turbojpeg.dll,https://pub.dev/api/archives/jpeg_turbo_resizer-0.2.0.tar.gz
jsf,windows/jsf.dll,https://pub.dev/api/archives/jsf-0.6.1.tar.gz
kdbx,argon2_ffi_plugin.dll,https://pub.dev/api/archives/kdbx-2.4.1.tar.gz
keri_windows,windows/dartkeriox/dartkeriox.dll,https://pub.dev/api/archives/keri_windows-0.2.3.tar.gz
leveldb_dart,leveldb/Debug/leveldb.dll,https://pub.dev/api/archives/leveldb_dart-1.0.1.tar.gz
leveldb_dart,leveldb/leveldb.dir/Debug/leveldb.dll.recipe,https://pub.dev/api/archives/leveldb_dart-1.0.1.tar.gz
lexactivator,windows/win-arm64/LexActivator.dll,https://pub.dev/api/archives/lexactivator-3.32.3.tar.gz
lexactivator,windows/win-x86-64/LexActivator.dll,https://pub.dev/api/archives/lexactivator-3.32.3.tar.gz
libffi6_extension,lib/src/compiled/X86_64/windows/ffi6_extension.dll,https://pub.dev/api/archives/libffi6_extension-0.0.12.tar.gz
libffi6_extension,lib/src/compiled/X86/windows/ffi6_extension.dll,https://pub.dev/api/archives/libffi6_extension-0.0.12.tar.gz
libffi_binaries,lib/compiled/X86_64/windows/libffi-6.dll,https://pub.dev/api/archives/libffi_binaries-0.6.7.tar.gz
libffi_binaries,lib/compiled/X86/windows/libffi-6.dll,https://pub.dev/api/archives/libffi_binaries-0.6.7.tar.gz
libgit2dart,windows/libgit2-1.5.0.dll,https://pub.dev/api/archives/libgit2dart-1.2.2.tar.gz
libmpv_dart,src/dynamicLib/windows/d3dcompiler_47.dll,https://pub.dev/api/archives/libmpv_dart-0.0.5.tar.gz
libmpv_dart,src/dynamicLib/windows/libEGL.dll,https://pub.dev/api/archives/libmpv_dart-0.0.5.tar.gz
libmpv_dart,src/dynamicLib/windows/libEGL.dll.lib,https://pub.dev/api/archives/libmpv_dart-0.0.5.tar.gz
libmpv_dart,src/dynamicLib/windows/libGLESv1_CM.dll,https://pub.dev/api/archives/libmpv_dart-0.0.5.tar.gz
libmpv_dart,src/dynamicLib/windows/libGLESv1_CM.dll.lib,https://pub.dev/api/archives/libmpv_dart-0.0.5.tar.gz
libmpv_dart,src/dynamicLib/windows/libGLESv2.dll,https://pub.dev/api/archives/libmpv_dart-0.0.5.tar.gz
libmpv_dart,src/dynamicLib/windows/libGLESv2.dll.lib,https://pub.dev/api/archives/libmpv_dart-0.0.5.tar.gz
libpq_dart,libpq/bin/libcrypto-3-x64.dll,https://pub.dev/api/archives/libpq_dart-1.1.0.tar.gz
libpq_dart,libpq/bin/libintl-8.dll,https://pub.dev/api/archives/libpq_dart-1.1.0.tar.gz
libpq_dart,libpq/bin/libpq.dll,https://pub.dev/api/archives/libpq_dart-1.1.0.tar.gz
libpq_dart,libpq/bin/libssl-3-x64.dll,https://pub.dev/api/archives/libpq_dart-1.1.0.tar.gz
libusb,libusb-1.0/libusb-1.0.dll,https://pub.dev/api/archives/libusb-0.3.23%2B2.tar.gz
libusb_new,libusb-1.0/libusb-1.0.dll,https://pub.dev/api/archives/libusb_new-1.0.0.tar.gz
libwinmedia,master/external/webview/script/microsoft.web.webview2.1.0.664.37/lib/net462/Microsoft.Web.WebView2.Core.dll,https://pub.dev/api/archives/libwinmedia-0.0.7.tar.gz
libwinmedia,master/external/webview/script/microsoft.web.webview2.1.0.664.37/lib/net462/Microsoft.Web.WebView2.WinForms.dll,https://pub.dev/api/archives/libwinmedia-0.0.7.tar.gz
libwinmedia,master/external/webview/script/microsoft.web.webview2.1.0.664.37/lib/net462/Microsoft.Web.WebView2.Wpf.dll,https://pub.dev/api/archives/libwinmedia-0.0.7.tar.gz
libwinmedia,master/external/webview/script/microsoft.web.webview2.1.0.664.37/lib/netcoreapp3.0/Microsoft.Web.WebView2.Core.dll,https://pub.dev/api/archives/libwinmedia-0.0.7.tar.gz
libwinmedia,master/external/webview/script/microsoft.web.webview2.1.0.664.37/lib/netcoreapp3.0/Microsoft.Web.WebView2.WinForms.dll,https://pub.dev/api/archives/libwinmedia-0.0.7.tar.gz
libwinmedia,master/external/webview/script/microsoft.web.webview2.1.0.664.37/lib/netcoreapp3.0/Microsoft.Web.WebView2.Wpf.dll,https://pub.dev/api/archives/libwinmedia-0.0.7.tar.gz
libwinmedia,master/external/webview/script/microsoft.web.webview2.1.0.664.37/runtimes/win-arm/native/WebView2Loader.dll,https://pub.dev/api/archives/libwinmedia-0.0.7.tar.gz
libwinmedia,master/external/webview/script/microsoft.web.webview2.1.0.664.37/runtimes/win-x64/native/WebView2Loader.dll,https://pub.dev/api/archives/libwinmedia-0.0.7.tar.gz
libwinmedia,master/external/webview/script/microsoft.web.webview2.1.0.664.37/runtimes/win-x86/native/WebView2Loader.dll,https://pub.dev/api/archives/libwinmedia-0.0.7.tar.gz
liquid2d,exampledart/chipmunk.dll,https://pub.dev/api/archives/liquid2d-0.0.3.tar.gz
lite_agent_core_dart,libs/serial_port/windows/serialport.dll,https://pub.dev/api/archives/lite_agent_core_dart-0.8.0.tar.gz
lychee_player,ffplayer/libs/windows/bin/avcodec-58.dll,https://pub.dev/api/archives/lychee_player-0.4.0.tar.gz
lychee_player,ffplayer/libs/windows/bin/avformat-58.dll,https://pub.dev/api/archives/lychee_player-0.4.0.tar.gz
lychee_player,ffplayer/libs/windows/bin/avutil-56.dll,https://pub.dev/api/archives/lychee_player-0.4.0.tar.gz
lychee_player,ffplayer/libs/windows/bin/SDL2.dll,https://pub.dev/api/archives/lychee_player-0.4.0.tar.gz
lychee_player,ffplayer/libs/windows/bin/swresample-3.dll,https://pub.dev/api/archives/lychee_player-0.4.0.tar.gz
lychee_player,ffplayer/libs/windows/bin/swscale-5.dll,https://pub.dev/api/archives/lychee_player-0.4.0.tar.gz
lys,native/rps_x64.dll,https://pub.dev/api/archives/lys-0.0.1.tar.gz
mecab_dart,example/blobs/libmecab.dll,https://pub.dev/api/archives/mecab_dart-0.1.6.tar.gz
mecab_for_flutter,windows/libmecab_arm64.dll,https://pub.dev/api/archives/mecab_for_flutter-1.0.5.tar.gz
mecab_for_flutter,windows/libmecab_x86.dll,https://pub.dev/api/archives/mecab_for_flutter-1.0.5.tar.gz
medea_flutter_webrtc,windows/rust/lib/x86_64-pc-windows-msvc/medea_flutter_webrtc_native.dll,https://pub.dev/api/archives/medea_flutter_webrtc-0.15.0.tar.gz
medea_flutter_webrtc,windows/rust/lib/x86_64-pc-windows-msvc/medea_flutter_webrtc_native.dll.lib,https://pub.dev/api/archives/medea_flutter_webrtc-0.15.0.tar.gz
medea_flutter_webrtc,windows/rust/lib/x86_64-pc-windows-msvc/OpenAL32.dll,https://pub.dev/api/archives/medea_flutter_webrtc-0.15.0.tar.gz
medea_jason,windows/lib/x86_64-pc-windows-msvc/medea_jason.dll,https://pub.dev/api/archives/medea_jason-0.10.0.tar.gz
mercuryjs,windows/mercuryjs.dll,https://pub.dev/api/archives/mercuryjs-0.1.3.tar.gz
mercuryjs,windows/pthreadVC2.dll,https://pub.dev/api/archives/mercuryjs-0.1.3.tar.gz
mercuryjs,windows/quickjs.dll,https://pub.dev/api/archives/mercuryjs-0.1.3.tar.gz
mg_msix,lib/assets/MSIX-Toolkit/Redist.x64/AppxPackaging.dll,https://pub.dev/api/archives/mg_msix-3.15.1.tar.gz
mg_msix,lib/assets/MSIX-Toolkit/Redist.x64/AppxPackaging.dll.mui,https://pub.dev/api/archives/mg_msix-3.15.1.tar.gz
mg_msix,lib/assets/MSIX-Toolkit/Redist.x64/AppxSip.dll,https://pub.dev/api/archives/mg_msix-3.15.1.tar.gz
mg_msix,lib/assets/MSIX-Toolkit/Redist.x64/Microsoft.ComparePackage.Lib.dll,https://pub.dev/api/archives/mg_msix-3.15.1.tar.gz
mg_msix,lib/assets/MSIX-Toolkit/Redist.x64/Microsoft.Diagnostics.Tracing.EventSource.dll,https://pub.dev/api/archives/mg_msix-3.15.1.tar.gz
mg_msix,lib/assets/MSIX-Toolkit/Redist.x64/Microsoft.Extensions.CommandLineUtils.dll,https://pub.dev/api/archives/mg_msix-3.15.1.tar.gz
mg_msix,lib/assets/MSIX-Toolkit/Redist.x64/Microsoft.PackageEditor.Lib.dll,https://pub.dev/api/archives/mg_msix-3.15.1.tar.gz
mg_msix,lib/assets/MSIX-Toolkit/Redist.x64/Microsoft.Packaging.SDKUtils.dll,https://pub.dev/api/archives/mg_msix-3.15.1.tar.gz
mg_msix,lib/assets/MSIX-Toolkit/Redist.x64/Microsoft.Windows.Build.Appx.AppxPackaging.dll.manifest,https://pub.dev/api/archives/mg_msix-3.15.1.tar.gz
mg_msix,lib/assets/MSIX-Toolkit/Redist.x64/Microsoft.Windows.Build.Appx.AppxSip.dll.manifest,https://pub.dev/api/archives/mg_msix-3.15.1.tar.gz
mg_msix,lib/assets/MSIX-Toolkit/Redist.x64/Microsoft.Windows.Build.Appx.OpcServices.dll.manifest,https://pub.dev/api/archives/mg_msix-3.15.1.tar.gz
mg_msix,lib/assets/MSIX-Toolkit/Redist.x64/Microsoft.Windows.Build.Signing.mssign32.dll.manifest,https://pub.dev/api/archives/mg_msix-3.15.1.tar.gz
mg_msix,lib/assets/MSIX-Toolkit/Redist.x64/Microsoft.Windows.Build.Signing.wintrust.dll.manifest,https://pub.dev/api/archives/mg_msix-3.15.1.tar.gz
mg_msix,lib/assets/MSIX-Toolkit/Redist.x64/mssign32.dll,https://pub.dev/api/archives/mg_msix-3.15.1.tar.gz
mg_msix,lib/assets/MSIX-Toolkit/Redist.x64/OpcServices.dll,https://pub.dev/api/archives/mg_msix-3.15.1.tar.gz
mg_msix,lib/assets/MSIX-Toolkit/Redist.x64/wintrust.dll,https://pub.dev/api/archives/mg_msix-3.15.1.tar.gz
mg_msix,lib/assets/MSIX-Toolkit/Redist.x64/wintrust.dll.ini,https://pub.dev/api/archives/mg_msix-3.15.1.tar.gz
mg_msix,lib/assets/VCLibs/arm64/msvcp140.dll,https://pub.dev/api/archives/mg_msix-3.15.1.tar.gz
mg_msix,lib/assets/VCLibs/arm64/vcruntime140.dll,https://pub.dev/api/archives/mg_msix-3.15.1.tar.gz
mg_msix,lib/assets/VCLibs/x64/msvcp140.dll,https://pub.dev/api/archives/mg_msix-3.15.1.tar.gz
mg_msix,lib/assets/VCLibs/x64/vcruntime140_1.dll,https://pub.dev/api/archives/mg_msix-3.15.1.tar.gz
mg_msix,lib/assets/VCLibs/x64/vcruntime140.dll,https://pub.dev/api/archives/mg_msix-3.15.1.tar.gz
moca_chains,windows/rust_lib_moca_chains.dll,https://pub.dev/api/archives/moca_chains-1.6.15.tar.gz
moca_matrix_sdk,windows/moca_matrix_sdk.dll,https://pub.dev/api/archives/moca_matrix_sdk-0.16.15.tar.gz
modbus_client_serial,serialport.dll,https://pub.dev/api/archives/modbus_client_serial-1.3.1.tar.gz
msix,lib/assets/MSIX-Toolkit/Redist.x64/AppxPackaging.dll,https://pub.dev/api/archives/msix-3.16.9.tar.gz
msix,lib/assets/MSIX-Toolkit/Redist.x64/AppxPackaging.dll.mui,https://pub.dev/api/archives/msix-3.16.9.tar.gz
msix,lib/assets/MSIX-Toolkit/Redist.x64/AppxSip.dll,https://pub.dev/api/archives/msix-3.16.9.tar.gz
msix,lib/assets/MSIX-Toolkit/Redist.x64/Microsoft.ComparePackage.Lib.dll,https://pub.dev/api/archives/msix-3.16.9.tar.gz
msix,lib/assets/MSIX-Toolkit/Redist.x64/Microsoft.Diagnostics.Tracing.EventSource.dll,https://pub.dev/api/archives/msix-3.16.9.tar.gz
msix,lib/assets/MSIX-Toolkit/Redist.x64/Microsoft.Extensions.CommandLineUtils.dll,https://pub.dev/api/archives/msix-3.16.9.tar.gz
msix,lib/assets/MSIX-Toolkit/Redist.x64/Microsoft.PackageEditor.Lib.dll,https://pub.dev/api/archives/msix-3.16.9.tar.gz
msix,lib/assets/MSIX-Toolkit/Redist.x64/Microsoft.Packaging.SDKUtils.dll,https://pub.dev/api/archives/msix-3.16.9.tar.gz
msix,lib/assets/MSIX-Toolkit/Redist.x64/Microsoft.Windows.Build.Appx.AppxPackaging.dll.manifest,https://pub.dev/api/archives/msix-3.16.9.tar.gz
msix,lib/assets/MSIX-Toolkit/Redist.x64/Microsoft.Windows.Build.Appx.AppxSip.dll.manifest,https://pub.dev/api/archives/msix-3.16.9.tar.gz
msix,lib/assets/MSIX-Toolkit/Redist.x64/Microsoft.Windows.Build.Appx.OpcServices.dll.manifest,https://pub.dev/api/archives/msix-3.16.9.tar.gz
msix,lib/assets/MSIX-Toolkit/Redist.x64/Microsoft.Windows.Build.Signing.mssign32.dll.manifest,https://pub.dev/api/archives/msix-3.16.9.tar.gz
msix,lib/assets/MSIX-Toolkit/Redist.x64/Microsoft.Windows.Build.Signing.wintrust.dll.manifest,https://pub.dev/api/archives/msix-3.16.9.tar.gz
msix,lib/assets/MSIX-Toolkit/Redist.x64/mssign32.dll,https://pub.dev/api/archives/msix-3.16.9.tar.gz
msix,lib/assets/MSIX-Toolkit/Redist.x64/OpcServices.dll,https://pub.dev/api/archives/msix-3.16.9.tar.gz
msix,lib/assets/MSIX-Toolkit/Redist.x64/wintrust.dll,https://pub.dev/api/archives/msix-3.16.9.tar.gz
msix,lib/assets/MSIX-Toolkit/Redist.x64/wintrust.dll.ini,https://pub.dev/api/archives/msix-3.16.9.tar.gz
msix,lib/assets/VCLibs/arm64/msvcp140.dll,https://pub.dev/api/archives/msix-3.16.9.tar.gz
msix,lib/assets/VCLibs/arm64/vcruntime140.dll,https://pub.dev/api/archives/msix-3.16.9.tar.gz
msix,lib/assets/VCLibs/x64/msvcp140.dll,https://pub.dev/api/archives/msix-3.16.9.tar.gz
msix,lib/assets/VCLibs/x64/vcruntime140_1.dll,https://pub.dev/api/archives/msix-3.16.9.tar.gz
msix,lib/assets/VCLibs/x64/vcruntime140.dll,https://pub.dev/api/archives/msix-3.16.9.tar.gz
multimedia,lib/libraries/image_magick_ffi.dll,https://pub.dev/api/archives/multimedia-1.0.13.tar.gz
nacl_win,windows/sodium_key_generator/sodium_key_generator.dll,https://pub.dev/api/archives/nacl_win-0.1.0.tar.gz
native_extension_template,helloworld.dll,https://pub.dev/api/archives/native_extension_template-0.0.2.tar.gz
ndi_windows_player,windows/bin/Processing.NDI.Lib.x64.dll,https://pub.dev/api/archives/ndi_windows_player-0.1.0.tar.gz
ndi_windows_player,windows/bin/Processing.NDI.Lib.x86.dll,https://pub.dev/api/archives/ndi_windows_player-0.1.0.tar.gz
neurosdk2,windows/neuro_dll/neurosdk2-x32.dll,https://pub.dev/api/archives/neurosdk2-1.0.17.tar.gz
neurosdk2,windows/neuro_dll/neurosdk2-x64.dll,https://pub.dev/api/archives/neurosdk2-1.0.17.tar.gz
nftgen,bin/commandline_or_gui_windows_plugin.dll,https://pub.dev/api/archives/nftgen-0.0.6.tar.gz
ni_visa_dart,dynamic_libs/windows/visa32.dll,https://pub.dev/api/archives/ni_visa_dart-0.2.0.tar.gz
ni_visa_dart,dynamic_libs/windows/visa64.dll,https://pub.dev/api/archives/ni_visa_dart-0.2.0.tar.gz
ni_visa_dart,dynamic_libs/windows/visaConfMgr.dll,https://pub.dev/api/archives/ni_visa_dart-0.2.0.tar.gz
ni_visa_dart,dynamic_libs/windows/visaUtilities.dll,https://pub.dev/api/archives/ni_visa_dart-0.2.0.tar.gz
n_triples_db,sqlite3.dll,https://pub.dev/api/archives/n_triples_db-0.2.0.tar.gz
nvda_controller_client,nvdaControllerClient64.dll,https://pub.dev/api/archives/nvda_controller_client-0.2.1.tar.gz
odbc,lib/odbc_ext.dll,https://pub.dev/api/archives/odbc-0.0.7.tar.gz
ogg_opus_player,src/libs/windows_x64/SDL2.dll,https://pub.dev/api/archives/ogg_opus_player-0.7.0.tar.gz
onnxruntime,windows/onnxruntime.dll,https://pub.dev/api/archives/onnxruntime-1.4.1.tar.gz
openiothub_gateway_service,windows/libs/gateway.dll,https://pub.dev/api/archives/openiothub_gateway_service-0.0.3.tar.gz
openiothub_mobile_service,windows/libs/mobile.dll,https://pub.dev/api/archives/openiothub_mobile_service-0.0.11%2B5.tar.gz
openiothub_mobile_service,windows/libs/mobile.dll.keep,https://pub.dev/api/archives/openiothub_mobile_service-0.0.11%2B5.tar.gz
openlist_background_service,windows/libs/mobile.dll.keep,https://pub.dev/api/archives/openlist_background_service-0.0.1%2B1.tar.gz
openpgp,windows/shared/libopenpgp_bridge.dll,https://pub.dev/api/archives/openpgp-3.10.5.tar.gz
opentool_dart,example/dyns/libexample.dll,https://pub.dev/api/archives/opentool_dart-0.6.1.tar.gz
opentool_dart,libs/serial_port/windows/serialport.dll,https://pub.dev/api/archives/opentool_dart-0.6.1.tar.gz
opus_flutter_windows,assets/libopus_x64.dll.blob,https://pub.dev/api/archives/opus_flutter_windows-3.0.0.tar.gz
opus_flutter_windows,assets/libopus_x86.dll.blob,https://pub.dev/api/archives/opus_flutter_windows-3.0.0.tar.gz
oracledart,lib/src/oracledart_native_extension.dll,https://pub.dev/api/archives/oracledart-0.0.16.tar.gz
oracledart,lib/src/oracledart_native_extension_x64.dll,https://pub.dev/api/archives/oracledart-0.0.16.tar.gz
pdf_combiner,windows/pdfium.dll,https://pub.dev/api/archives/pdf_combiner-4.3.5.tar.gz
pdf_combiner,windows/pdfium.dll.lib,https://pub.dev/api/archives/pdf_combiner-4.3.5.tar.gz
pdfium_bindings,pdfium.dll,https://pub.dev/api/archives/pdfium_bindings-2.0.1.tar.gz
pdf_ocr,example/windows/custom.dll,https://pub.dev/api/archives/pdf_ocr-1.0.0.tar.gz
pdf_ocr,windows/include/pdfium.dll,https://pub.dev/api/archives/pdf_ocr-1.0.0.tar.gz
pdf_text_extraction,pdftotext.dll,https://pub.dev/api/archives/pdf_text_extraction-1.2.0.tar.gz
pdf_text_extraction,TextExtraction.dll,https://pub.dev/api/archives/pdf_text_extraction-1.2.0.tar.gz
powersync_flutter_libs,windows/powersync_x64.dll,https://pub.dev/api/archives/powersync_flutter_libs-0.4.9.tar.gz
print_bartender,windows/bartender/x64/Debug/bartender_print.dll,https://pub.dev/api/archives/print_bartender-0.0.8.tar.gz
print_bartender,windows/bartender/x64/Debug/Interop.BarTender.dll,https://pub.dev/api/archives/print_bartender-0.0.8.tar.gz
print_bartender,windows/bartender/x64/Release/bartender_print.dll,https://pub.dev/api/archives/print_bartender-0.0.8.tar.gz
print_bartender,windows/bartender/x64/Release/Interop.BarTender.dll,https://pub.dev/api/archives/print_bartender-0.0.8.tar.gz
profept_server,sqlite3.dll,https://pub.dev/api/archives/profept_server-1.0.0.tar.gz
psd_reader,lib/native/dll/psd_lib.dll,https://pub.dev/api/archives/psd_reader-1.0.1.tar.gz
pure_dart_webrtc,assets/codecs/opus/libopus_x64.dll.blob,https://pub.dev/api/archives/pure_dart_webrtc-1.0.0.tar.gz
python_ffi_cpython_dart,windows/python311.dll,https://pub.dev/api/archives/python_ffi_cpython_dart-0.4.4.tar.gz
python_ffi_cpython,windows/python311.dll,https://pub.dev/api/archives/python_ffi_cpython-0.4.4%2B1.tar.gz
quds_db,lib/quds_db/sqflite/src/windows/sqlite3.dll,https://pub.dev/api/archives/quds_db-0.0.6%2B6.tar.gz
quick_usb,windows/libusb-1.0.23.dll,https://pub.dev/api/archives/quick_usb-0.4.0.tar.gz
rapider_flutter_js_stable,windows/shared/quickjs_c_bridge.dll,https://pub.dev/api/archives/rapider_flutter_js_stable-1.0.0.tar.gz
rps,native/rps_x64.dll,https://pub.dev/api/archives/rps-0.9.1.tar.gz
scriptouch_easyscript,windows/scriptel/scriptel-easyscript.dll,https://pub.dev/api/archives/scriptouch_easyscript-1.0.2.tar.gz
sdl_gamepad,SDL3.dll,https://pub.dev/api/archives/sdl_gamepad-1.1.1.tar.gz
sentc_light,windows/windows-x64/sentc_light_flutter.dll,https://pub.dev/api/archives/sentc_light-0.13.1.tar.gz
sentc,windows/windows-x64/sentc_flutter.dll,https://pub.dev/api/archives/sentc-0.15.2.tar.gz
sentry_drift,test/sqlite3.dll,https://pub.dev/api/archives/sentry_drift-9.3.0.tar.gz
serial_port,lib/src/serial_port.dll,https://pub.dev/api/archives/serial_port-0.3.1.tar.gz
sherpa_onnx_windows,windows/onnxruntime.dll,https://pub.dev/api/archives/sherpa_onnx_windows-1.12.4.tar.gz
sherpa_onnx_windows,windows/onnxruntime_providers_shared.dll,https://pub.dev/api/archives/sherpa_onnx_windows-1.12.4.tar.gz
sherpa_onnx_windows,windows/sherpa-onnx-c-api.dll,https://pub.dev/api/archives/sherpa_onnx_windows-1.12.4.tar.gz
sherpa_onnx_windows,windows/sherpa-onnx-cxx-api.dll,https://pub.dev/api/archives/sherpa_onnx_windows-1.12.4.tar.gz
simple_camera_windows,windows/include/build/x64/vc17/bin/opencv_core4100d.dll,https://pub.dev/api/archives/simple_camera_windows-0.0.8.tar.gz
simple_camera_windows,windows/include/build/x64/vc17/bin/opencv_core4100.dll,https://pub.dev/api/archives/simple_camera_windows-0.0.8.tar.gz
simple_camera_windows,windows/include/build/x64/vc17/bin/opencv_highgui4100d.dll,https://pub.dev/api/archives/simple_camera_windows-0.0.8.tar.gz
simple_camera_windows,windows/include/build/x64/vc17/bin/opencv_highgui4100.dll,https://pub.dev/api/archives/simple_camera_windows-0.0.8.tar.gz
simple_camera_windows,windows/include/build/x64/vc17/bin/opencv_imgcodecs4100d.dll,https://pub.dev/api/archives/simple_camera_windows-0.0.8.tar.gz
simple_camera_windows,windows/include/build/x64/vc17/bin/opencv_imgcodecs4100.dll,https://pub.dev/api/archives/simple_camera_windows-0.0.8.tar.gz
simple_camera_windows,windows/include/build/x64/vc17/bin/opencv_imgproc4100d.dll,https://pub.dev/api/archives/simple_camera_windows-0.0.8.tar.gz
simple_camera_windows,windows/include/build/x64/vc17/bin/opencv_imgproc4100.dll,https://pub.dev/api/archives/simple_camera_windows-0.0.8.tar.gz
simple_camera_windows,windows/include/build/x64/vc17/bin/opencv_videoio4100d.dll,https://pub.dev/api/archives/simple_camera_windows-0.0.8.tar.gz
simple_camera_windows,windows/include/build/x64/vc17/bin/opencv_videoio4100.dll,https://pub.dev/api/archives/simple_camera_windows-0.0.8.tar.gz
siprix_voip_sdk_windows,windows/siprix.framework/lib/siprix.dll,https://pub.dev/api/archives/siprix_voip_sdk_windows-1.0.9.tar.gz
siprix_voip_sdk_windows,windows/siprix.framework/lib/siprixMedia.dll,https://pub.dev/api/archives/siprix_voip_sdk_windows-1.0.9.tar.gz
sip_script_runner,lib/src/blobs/windows_x64.dll,https://pub.dev/api/archives/sip_script_runner-0.8.3.tar.gz
situm_flutter_unity,example/android/unityExport/src/main/assets/bin/Data/Managed/Resources/mscorlib.dll-resources.dat,https://pub.dev/api/archives/situm_flutter_unity-0.0.3.tar.gz
smart_usb_android,windows/libusb-1.0.23.dll,https://pub.dev/api/archives/smart_usb_android-1.0.0.tar.gz
smart_usb,windows/libusb-1.0.23.dll,https://pub.dev/api/archives/smart_usb-0.4.2.tar.gz
soundtouch_plugin,windows/soundtouch/SoundTouchDLL.dll,https://pub.dev/api/archives/soundtouch_plugin-0.0.1.tar.gz
soundtouch_plugin,windows/soundtouch/SoundTouchDLL_x64.dll,https://pub.dev/api/archives/soundtouch_plugin-0.0.1.tar.gz
soundtouch_sdk,windows/SoundTouchDLL.dll,https://pub.dev/api/archives/soundtouch_sdk-0.0.1.tar.gz
soundtouch_sdk,windows/SoundTouchDLL_x64.dll,https://pub.dev/api/archives/soundtouch_sdk-0.0.1.tar.gz
spectrum_lib,windows/spectrum_dll/spectrumlib-x64.dll,https://pub.dev/api/archives/spectrum_lib-1.0.1.tar.gz
spectrum_lib,windows/spectrum_dll/spectrumlib-x86.dll,https://pub.dev/api/archives/spectrum_lib-1.0.1.tar.gz
sqflite_common_ffi,lib/src/windows/sqlite3.dll,https://pub.dev/api/archives/sqflite_common_ffi-2.3.6.tar.gz
sqlcipher_library_windows,assets/libcrypto-1_1-x64.dll,https://pub.dev/api/archives/sqlcipher_library_windows-1.0.2.tar.gz
sqlcipher_library_windows,assets/libssl-1_1-x64.dll,https://pub.dev/api/archives/sqlcipher_library_windows-1.0.2.tar.gz
sqlcipher_library_windows,assets/sqlcipher.dll,https://pub.dev/api/archives/sqlcipher_library_windows-1.0.2.tar.gz
sqlite3_arabic_tokenizer_flutter,assets/sqlite3-arabic-tokenizer.dll,https://pub.dev/api/archives/sqlite3_arabic_tokenizer_flutter-0.0.1.tar.gz
sqlite3_library_windows,sqlite3.dll,https://pub.dev/api/archives/sqlite3_library_windows-2.1.0%2B1.tar.gz
sqlite3_simple,windows/simple.dll,https://pub.dev/api/archives/sqlite3_simple-1.0.5.tar.gz
sqlite_wrapper,sqlite3.dll,https://pub.dev/api/archives/sqlite_wrapper-0.2.3.tar.gz
squirrel,vendor/7z-arm64.dll,https://pub.dev/api/archives/squirrel-0.2.0.tar.gz
squirrel,vendor/7z.dll,https://pub.dev/api/archives/squirrel-0.2.0.tar.gz
squirrel,vendor/7z-x64.dll,https://pub.dev/api/archives/squirrel-0.2.0.tar.gz
squirrel,vendor/Microsoft.Deployment.Resources.dll,https://pub.dev/api/archives/squirrel-0.2.0.tar.gz
squirrel,vendor/Microsoft.Deployment.WindowsInstaller.dll,https://pub.dev/api/archives/squirrel-0.2.0.tar.gz
squirrel,vendor/wconsole.dll,https://pub.dev/api/archives/squirrel-0.2.0.tar.gz
squirrel,vendor/winterop.dll,https://pub.dev/api/archives/squirrel-0.2.0.tar.gz
squirrel,vendor/wix.dll,https://pub.dev/api/archives/squirrel-0.2.0.tar.gz
squirrel,vendor/WixNetFxExtension.dll,https://pub.dev/api/archives/squirrel-0.2.0.tar.gz
starflut,windows/starcore/libstarcore.dll,https://pub.dev/api/archives/starflut-1.0.0.tar.gz
steamworks,example/steam_api64.dll,https://pub.dev/api/archives/steamworks-0.4.7.tar.gz
stream_webrtc_flutter,third_party/libwebrtc/lib/win64/libwebrtc.dll,https://pub.dev/api/archives/stream_webrtc_flutter-1.0.9.tar.gz
stream_webrtc_flutter,third_party/libwebrtc/lib/win64/libwebrtc.dll.lib,https://pub.dev/api/archives/stream_webrtc_flutter-1.0.9.tar.gz
sweph,example.dart/sweph.dll,https://pub.dev/api/archives/sweph-3.2.1%2B2.10.3.tar.gz
syncfusion_pdfviewer_windows,windows/include/pdfium/x64/bin/pdfium.dll,https://pub.dev/api/archives/syncfusion_pdfviewer_windows-30.1.38.tar.gz
syncfusion_pdfviewer_windows,windows/include/pdfium/x64/lib/pdfium.dll.lib,https://pub.dev/api/archives/syncfusion_pdfviewer_windows-30.1.38.tar.gz
taisdk,windows/third/asr/lib/EvaluationWin.dll,https://pub.dev/api/archives/taisdk-0.0.4.tar.gz
taisdk,windows/third/asr/lib/libgcc_s_seh-1.dll,https://pub.dev/api/archives/taisdk-0.0.4.tar.gz
taisdk,windows/third/asr/lib/libstdc++-6.dll,https://pub.dev/api/archives/taisdk-0.0.4.tar.gz
taisdk,windows/third/asr/lib/libweixin_asr_pron_eval_core.dll,https://pub.dev/api/archives/taisdk-0.0.4.tar.gz
taisdk,windows/third/asr/lib/libweixin_asr_pron_eval.dll,https://pub.dev/api/archives/taisdk-0.0.4.tar.gz
taisdk,windows/third/asr/lib/libwinpthread-1.dll,https://pub.dev/api/archives/taisdk-0.0.4.tar.gz
ta_lib,ta-lib/ta-lib.x86_32.0.6.3.dll,https://pub.dev/api/archives/ta_lib-0.0.1.tar.gz
tencent_cloud_chat_sdk,windows/lib/dart_native_imsdk.dll,https://pub.dev/api/archives/tencent_cloud_chat_sdk-8.6.7019%2B6.tar.gz
tencent_cloud_chat_sdk,windows/lib/ImSDK.dll,https://pub.dev/api/archives/tencent_cloud_chat_sdk-8.6.7019%2B6.tar.gz
tencent_im_sdk_plugin_desktop,assets/ImSDK.dll,https://pub.dev/api/archives/tencent_im_sdk_plugin_desktop-0.2.22.tar.gz
tencent_im_sdk_plugin_desktop,assets/libim_flutter_desktop_lib.dll,https://pub.dev/api/archives/tencent_im_sdk_plugin_desktop-0.2.22.tar.gz
tencent_rtc_sdk,windows/lib/liteav.dll,https://pub.dev/api/archives/tencent_rtc_sdk-12.5.4.tar.gz
tencent_rtc_sdk,windows/lib/liteav_screen.dll,https://pub.dev/api/archives/tencent_rtc_sdk-12.5.4.tar.gz
tencent_rtc_sdk,windows/lib/txffmpeg.dll,https://pub.dev/api/archives/tencent_rtc_sdk-12.5.4.tar.gz
tencent_rtc_sdk,windows/lib/txsoundtouch.dll,https://pub.dev/api/archives/tencent_rtc_sdk-12.5.4.tar.gz
tencent_trtc_cloud_professional,windows/lib/LiteAvAudioHook.dll,https://pub.dev/api/archives/tencent_trtc_cloud_professional-1.0.4.tar.gz
tencent_trtc_cloud_professional,windows/lib/LiteAvAudioHookService.dll,https://pub.dev/api/archives/tencent_trtc_cloud_professional-1.0.4.tar.gz
tencent_trtc_cloud_professional,windows/lib/liteav.dll,https://pub.dev/api/archives/tencent_trtc_cloud_professional-1.0.4.tar.gz
tencent_trtc_cloud_professional,windows/lib/openh264.dll,https://pub.dev/api/archives/tencent_trtc_cloud_professional-1.0.4.tar.gz
tencent_trtc_cloud_professional,windows/lib/TRAE.dll,https://pub.dev/api/archives/tencent_trtc_cloud_professional-1.0.4.tar.gz
tencent_trtc_cloud,windows/lib/liteav.dll,https://pub.dev/api/archives/tencent_trtc_cloud-3.0.3.tar.gz
tencent_trtc_cloud,windows/lib/liteav_screen.dll,https://pub.dev/api/archives/tencent_trtc_cloud-3.0.3.tar.gz
tencent_trtc_cloud,windows/lib/txffmpeg.dll,https://pub.dev/api/archives/tencent_trtc_cloud-3.0.3.tar.gz
tencent_trtc_cloud,windows/lib/txsoundtouch.dll,https://pub.dev/api/archives/tencent_trtc_cloud-3.0.3.tar.gz
test_gavinwjwang,windows/lib/LiteAvAudioHook.dll,https://pub.dev/api/archives/test_gavinwjwang-0.0.1.tar.gz
test_gavinwjwang,windows/lib/LiteAvAudioHookService.dll,https://pub.dev/api/archives/test_gavinwjwang-0.0.1.tar.gz
test_gavinwjwang,windows/lib/liteav.dll,https://pub.dev/api/archives/test_gavinwjwang-0.0.1.tar.gz
test_gavinwjwang,windows/lib/TRAE.dll,https://pub.dev/api/archives/test_gavinwjwang-0.0.1.tar.gz
tflite_flutter_helper,example/text_classification_task/blobs/libtensorflowlite_c-win.dll,https://pub.dev/api/archives/tflite_flutter_helper-0.3.1.tar.gz
tflite_flutter_plus,example/blobs/libtensorflowlite_c-win.dll,https://pub.dev/api/archives/tflite_flutter_plus-0.0.1.tar.gz
tflite_native,lib/src/blobs/libtensorflowlite_c-win64.dll,https://pub.dev/api/archives/tflite_native-0.4.1.tar.gz
to_png,lib/pdfium/pdfium.dll,https://pub.dev/api/archives/to_png-0.0.1-pre.4.tar.gz
tse,bin/WormAPI.dll,https://pub.dev/api/archives/tse-0.0.2.tar.gz
tse,windows/bin/WormAPI.dll,https://pub.dev/api/archives/tse-0.0.2.tar.gz
twos,SDL2.dll,https://pub.dev/api/archives/twos-0.0.1.tar.gz
unity_widget,example/android/unityExport/src/main/assets/bin/Data/Managed/Resources/mscorlib.dll-resources.dat,https://pub.dev/api/archives/unity_widget-1.0.4.tar.gz
universal_ffi,example/assets/native_example.dll,https://pub.dev/api/archives/universal_ffi-1.1.3.tar.gz
universal_mqtt_client,.github/third-party/mosquitto/windows/libcrypto-1_1-x64.dll,https://pub.dev/api/archives/universal_mqtt_client-0.1.1.tar.gz
universal_mqtt_client,.github/third-party/mosquitto/windows/libssl-1_1-x64.dll,https://pub.dev/api/archives/universal_mqtt_client-0.1.1.tar.gz
universal_mqtt_client,.github/third-party/mosquitto/windows/mosquitto.dll,https://pub.dev/api/archives/universal_mqtt_client-0.1.1.tar.gz
unsafe_extension,lib/src/compiled/X86_64/windows/unsafe_extension.dll,https://pub.dev/api/archives/unsafe_extension-0.0.24.tar.gz
unsafe_extension,lib/src/compiled/X86/windows/unsafe_extension.dll,https://pub.dev/api/archives/unsafe_extension-0.0.24.tar.gz
upload_testing_flutter,windows/include/pdfium/x64/bin/pdfium.dll,https://pub.dev/api/archives/upload_testing_flutter-2.0.7.tar.gz
upload_testing_flutter,windows/include/pdfium/x64/lib/pdfium.dll.lib,https://pub.dev/api/archives/upload_testing_flutter-2.0.7.tar.gz
uvc,libusb-1.0.27/libusb-1.0.dll,https://pub.dev/api/archives/uvc-1.3.0.tar.gz
vclibs,windows/VCLibs/arm64/msvcp140.dll,https://pub.dev/api/archives/vclibs-0.1.3.tar.gz
vclibs,windows/VCLibs/arm64/vcruntime140.dll,https://pub.dev/api/archives/vclibs-0.1.3.tar.gz
vclibs,windows/VCLibs/x64/msvcp140.dll,https://pub.dev/api/archives/vclibs-0.1.3.tar.gz
vclibs,windows/VCLibs/x64/vcruntime140_1.dll,https://pub.dev/api/archives/vclibs-0.1.3.tar.gz
vclibs,windows/VCLibs/x64/vcruntime140.dll,https://pub.dev/api/archives/vclibs-0.1.3.tar.gz
videna,bin/libvidena.dll,https://pub.dev/api/archives/videna-0.1.1.tar.gz
videosdk_webrtc,third_party/libwebrtc/lib/win64/libwebrtc.dll,https://pub.dev/api/archives/videosdk_webrtc-0.0.10.tar.gz
videosdk_webrtc,third_party/libwebrtc/lib/win64/libwebrtc.dll.lib,https://pub.dev/api/archives/videosdk_webrtc-0.0.10.tar.gz
web_framework_flutter_api,assets/lib/FileManager.dll,https://pub.dev/api/archives/web_framework_flutter_api-1.0.7.tar.gz
web_framework_flutter_api,assets/lib/Localization.dll,https://pub.dev/api/archives/web_framework_flutter_api-1.0.7.tar.gz
web_framework_flutter_api,assets/lib/Log.dll,https://pub.dev/api/archives/web_framework_flutter_api-1.0.7.tar.gz
web_framework_flutter_api,assets/lib/sqlite3.dll,https://pub.dev/api/archives/web_framework_flutter_api-1.0.7.tar.gz
web_framework_flutter_api,assets/lib/WebFramework.dll,https://pub.dev/api/archives/web_framework_flutter_api-1.0.7.tar.gz
webf,src/third_party/quickjs/vendor/mimalloc/bin/mimalloc-redirect32.dll,https://pub.dev/api/archives/webf-0.16.3%2B1.tar.gz
webf,src/third_party/quickjs/vendor/mimalloc/bin/mimalloc-redirect.dll,https://pub.dev/api/archives/webf-0.16.3%2B1.tar.gz
webview_universal_plus,windows/libs/x64/WebView2Loader.dll,https://pub.dev/api/archives/webview_universal_plus-0.0.1.tar.gz
webview_universal_plus,windows/libs/x64/WebView2Loader.dll.lib,https://pub.dev/api/archives/webview_universal_plus-0.0.1.tar.gz
weebi_barcode_scanner,windows/rust_barcode_lib.dll,https://pub.dev/api/archives/weebi_barcode_scanner-1.7.1.tar.gz
windows_ocr,windows/Bin_64/asian/asian.dll,https://pub.dev/api/archives/windows_ocr-0.0.1.tar.gz
windows_ocr,windows/Bin_64/jnsocr.dll,https://pub.dev/api/archives/windows_ocr-0.0.1.tar.gz
windows_ocr,windows/Bin_64/NsBars.dll,https://pub.dev/api/archives/windows_ocr-0.0.1.tar.gz
windows_ocr,windows/Bin_64/NsImgLdr.dll,https://pub.dev/api/archives/windows_ocr-0.0.1.tar.gz
windows_ocr,windows/Bin_64/NSOCR.dll,https://pub.dev/api/archives/windows_ocr-0.0.1.tar.gz
windows_ocr,windows/Bin_64/NsSpell.dll,https://pub.dev/api/archives/windows_ocr-0.0.1.tar.gz
windows_ocr,windows/Bin_64/Twaindsm.dll,https://pub.dev/api/archives/windows_ocr-0.0.1.tar.gz
windows_printing,example/build/windows/plugins/windows_printing/Debug/windows_printing_plugin.dll,https://pub.dev/api/archives/windows_printing-0.0.3.tar.gz
windows_printing,example/build/windows/runner/Debug/pdfium.dll,https://pub.dev/api/archives/windows_printing-0.0.3.tar.gz
windows_printing,example/build/windows/runner/Debug/windows_printing_plugin.dll,https://pub.dev/api/archives/windows_printing-0.0.3.tar.gz
windows_printing,example/build/windows/runner/Release/pdfium.dll,https://pub.dev/api/archives/windows_printing-0.0.3.tar.gz
windows_printing,windows/pdfium/x64/bin/pdfium.dll,https://pub.dev/api/archives/windows_printing-0.0.3.tar.gz
windows_printing,windows/pdfium/x64/lib/pdfium.dll.lib,https://pub.dev/api/archives/windows_printing-0.0.3.tar.gz
wireguard_2govpn,windows/lib/tunnel/amd64/tunnel.dll,https://pub.dev/api/archives/wireguard_2govpn-0.1.0.tar.gz
wireguard_2govpn,windows/lib/tunnel/arm64/tunnel.dll,https://pub.dev/api/archives/wireguard_2govpn-0.1.0.tar.gz
wireguard_2govpn,windows/lib/wireguard/amd64/wireguard.dll,https://pub.dev/api/archives/wireguard_2govpn-0.1.0.tar.gz
wireguard_2govpn,windows/lib/wireguard/arm64/wireguard.dll,https://pub.dev/api/archives/wireguard_2govpn-0.1.0.tar.gz
wireguard_flutter,windows/lib/tunnel/amd64/tunnel.dll,https://pub.dev/api/archives/wireguard_flutter-0.1.3.tar.gz
wireguard_flutter,windows/lib/tunnel/arm64/tunnel.dll,https://pub.dev/api/archives/wireguard_flutter-0.1.3.tar.gz
wireguard_flutter,windows/lib/wireguard/amd64/wireguard.dll,https://pub.dev/api/archives/wireguard_flutter-0.1.3.tar.gz
wireguard_flutter,windows/lib/wireguard/arm64/wireguard.dll,https://pub.dev/api/archives/wireguard_flutter-0.1.3.tar.gz
wriggle,bundle/lib/synthizer.dll,https://pub.dev/api/archives/wriggle-1.8.2.tar.gz
x_media_info,windows/third_party/ffmpeg/bin/avcodec-57.dll,https://pub.dev/api/archives/x_media_info-0.0.1.tar.gz
x_media_info,windows/third_party/ffmpeg/bin/avdevice-57.dll,https://pub.dev/api/archives/x_media_info-0.0.1.tar.gz
x_media_info,windows/third_party/ffmpeg/bin/avfilter-6.dll,https://pub.dev/api/archives/x_media_info-0.0.1.tar.gz
x_media_info,windows/third_party/ffmpeg/bin/avformat-57.dll,https://pub.dev/api/archives/x_media_info-0.0.1.tar.gz
x_media_info,windows/third_party/ffmpeg/bin/avutil-55.dll,https://pub.dev/api/archives/x_media_info-0.0.1.tar.gz
x_media_info,windows/third_party/ffmpeg/bin/libiconv-2.dll,https://pub.dev/api/archives/x_media_info-0.0.1.tar.gz
x_media_info,windows/third_party/ffmpeg/bin/libwinpthread-1.dll,https://pub.dev/api/archives/x_media_info-0.0.1.tar.gz
x_media_info,windows/third_party/ffmpeg/bin/msvcp140.dll,https://pub.dev/api/archives/x_media_info-0.0.1.tar.gz
x_media_info,windows/third_party/ffmpeg/bin/swresample-2.dll,https://pub.dev/api/archives/x_media_info-0.0.1.tar.gz
x_media_info,windows/third_party/ffmpeg/bin/swscale-4.dll,https://pub.dev/api/archives/x_media_info-0.0.1.tar.gz
x_media_info,windows/third_party/ffmpeg/bin/vcruntime140_1.dll,https://pub.dev/api/archives/x_media_info-0.0.1.tar.gz
x_media_info,windows/third_party/ffmpeg/bin/vcruntime140.dll,https://pub.dev/api/archives/x_media_info-0.0.1.tar.gz
x_media_info,windows/third_party/ffmpeg/bin/zlib1.dll,https://pub.dev/api/archives/x_media_info-0.0.1.tar.gz
xxf_isar_flutter_libs,windows/isar.dll,https://pub.dev/api/archives/xxf_isar_flutter_libs-3.1.0%2B3.tar.gz
yumeeting_webrtc,third_party/libwebrtc/lib/win/x64/libwebrtc.dll,https://pub.dev/api/archives/yumeeting_webrtc-1.0.1%2Binterphone.tar.gz
yumeeting_webrtc,third_party/libwebrtc/lib/win/x64/libwebrtc.dll.lib,https://pub.dev/api/archives/yumeeting_webrtc-1.0.1%2Binterphone.tar.gz
zint_flutter,assets/windows/zint.dll,https://pub.dev/api/archives/zint_flutter-1.0.0.tar.gz
znn_sdk_dart,lib/src/argon2/blobs/argon2_ffi_plugin.dll,https://pub.dev/api/archives/znn_sdk_dart-0.0.4%2B1.tar.gz
znn_sdk_dart,lib/src/pow/blobs/libpow_links.dll,https://pub.dev/api/archives/znn_sdk_dart-0.0.4%2B1.tar.gz
zstandard_cli,lib/src/bin/zstandard_windows_arm64.dll,https://pub.dev/api/archives/zstandard_cli-1.3.27.tar.gz
zstandard_cli,lib/src/bin/zstandard_windows_x64.dll,https://pub.dev/api/archives/zstandard_cli-1.3.27.tar.gz
